"track_id","track_name","track_artist","track_popularity","track_album_id","track_album_name","track_album_release_date","playlist_name","playlist_id","playlist_genre","playlist_subgenre","danceability","energy","key","loudness","mode","speechiness","acousticness","instrumentalness","liveness","valence","tempo","duration_ms"
"3a94DkjR4idw3bp8yzai59","Mambo No. 5 (A Little Bit of...)","Lou Bega",10,"0F2v1g7RUEmK077TfZGeoS","Ultimate Holiday Hits","2008-07-25","90s Dance Hits","50cXvxgMGrvoUeLhkzCyIO","pop","dance pop",0.614,0.799,5,-6.95,0,0.382,0.0971,0,0.313,0.9,174.114,219333
"24CXuh2WNpgeSYUOvz14jk","Sandstorm - Radio Edit","Darude",61,"3EWyQlR8LFyu6FImQT49bv","Before The Storm","2007-04-18","90s Dance Hits","50cXvxgMGrvoUeLhkzCyIO","pop","dance pop",0.539,0.98,11,-8.18,0,0.0469,0.169,0.982,0.084,0.522,136.087,225373
"77j9HOrxUpWcjwra9jgvio","We like to Party! (Six Flags)","Vengaboys",51,"0R44mmTKUE1XCuGVVrPfTZ","We like to Party! (The Vengabus)","1998","90s Dance Hits","50cXvxgMGrvoUeLhkzCyIO","pop","dance pop",0.785,0.905,8,-7.929,1,0.0449,0.00803,0.859,0.046,0.969,136.018,224227
"6rQ9qJPvInEqSzlh89LsPJ","Coco Jamboo - Radio Version","Mr. President",18,"2t8Bc4qBseswbwOoHGHK8d","We See The Same Sun","1996","90s Dance Hits","50cXvxgMGrvoUeLhkzCyIO","pop","dance pop",0.832,0.838,1,-5.414,0,0.0421,0.0791,0,0.152,0.965,100.019,218733
"5FgtdSf7I5lClThz2ptWvl","Blue (Da Ba Dee)","Eiffel 65",16,"65DySolRDG1LNSvRXcWQWN","Europop","1999","90s Dance Hits","50cXvxgMGrvoUeLhkzCyIO","pop","dance pop",0.822,0.969,7,-11.471,0,0.0582,0.259,0.000162,0.39,0.765,128.007,283748
"2ZCTP54O2dMSbVrdsg60to","Barbie Girl","Aqua",5,"2vb252Haz9iX4iOd7vP8kX","Greatest Hits","2009-01-01","90s Dance Hits","50cXvxgMGrvoUeLhkzCyIO","pop","dance pop",0.764,0.948,1,-4.355,0,0.0402,0.00929,0.0773,0.416,0.911,129.967,195040
"2ahnofp2LbBWDXcJbMaSTu","What Is Love","Haddaway",70,"0qTVjeVP70YvQG4GctetOf","What is Love - Remix","1993","90s Dance Hits","50cXvxgMGrvoUeLhkzCyIO","pop","dance pop",0.683,0.772,7,-7.907,0,0.0311,0.0222,0.0149,0.203,0.737,123.871,270373
"0wP3e5PzSxafy2TRtlayq9","Scatman (ski-ba-bop-ba-dop-bop)","Scatman John",10,"0lZJ8KTq6WzIrOM1KWWCxe","Scatman's World","1995-06-01","90s Dance Hits","50cXvxgMGrvoUeLhkzCyIO","pop","dance pop",0.65,0.82,5,-10.9,0,0.0356,0.0655,0.00274,0.215,0.757,135.982,215973
"7cG3wfohoNDSp2M8FWrgTg","Bailando - Video Edit","Paradisio",59,"3iJwt0Sq44ZBzR7kNCxf0y","Bailando","1996","90s Dance Hits","50cXvxgMGrvoUeLhkzCyIO","pop","dance pop",0.649,0.955,8,-7.817,0,0.0388,0.0941,0.00899,0.108,0.83,132.993,229627
"1bttWPpJQmn9zdi951BcAZ","Be My Lover","La Bouche",13,"4iRt5STyQudfgvq3Gt2ki6","50 Summer Hits","2009-06-11","90s Dance Hits","50cXvxgMGrvoUeLhkzCyIO","pop","dance pop",0.657,0.913,1,-7.108,0,0.0313,0.000236,0,0.862,0.827,134.774,239747
"7znm8mn8oac6FKfmLuvPZa","The Riddle (Original Mix)","Gigi D'Agostino",48,"5MJTJqEYDDTXhA0qriUnB8","The Riddle","2014-05-30","90s Dance Hits","50cXvxgMGrvoUeLhkzCyIO","pop","dance pop",0.744,0.868,6,-6.844,0,0.0367,0.0242,0.00211,0.0753,0.851,126.99,287307
"3MjUtNVVq3C8Fn0MP3zhXa","...Baby One More Time","Britney Spears",75,"3WNxdumkSMGMJRhEgK80qx","...Baby One More Time (Digital Deluxe Version)","1999-01-12","90s Dance Hits","50cXvxgMGrvoUeLhkzCyIO","pop","dance pop",0.759,0.699,0,-5.745,0,0.0307,0.202,0.000131,0.443,0.907,92.96,211067
"5dle7lDSqNS2AcFtbvgkud","Rhythm Is A Dancer - 12'' Version","SNAP!",12,"5NZ0wQA1HzBSDSyOWEU96k","Rhythm Is A Dancer Volume 08","1991","90s Dance Hits","50cXvxgMGrvoUeLhkzCyIO","pop","dance pop",0.768,0.874,9,-7.303,0,0.034,0.117,0.0628,0.0842,0.839,124.251,316133
"0MhkdVUCf8ZttUXzZ3J9J6","Another Night","Real McCoy",2,"3lH40SlojmDYl4muKywyoa","Ultimate Club Dance 90s - Vol. 2","2000-01-01","90s Dance Hits","50cXvxgMGrvoUeLhkzCyIO","pop","dance pop",0.812,0.889,7,-7.769,1,0.0394,0.11,0.00323,0.065,0.872,125.943,236871
"5rDsAMjmB4Qa5WNciJPsfK","Tubthumping","Chumbawamba",53,"6DUy5QdkKXI15NFbk3pYAZ","Playlist: 90s Pop","2008-04-28","90s Dance Hits","50cXvxgMGrvoUeLhkzCyIO","pop","dance pop",0.394,0.944,2,-8.082,1,0.181,0.0906,0,0.473,0.616,207.687,234133
"12BbMJsJi65mxneq6c9Lm7","All That She Wants - Remastered","Ace of Base",16,"6cpOIdpPfGaazHsh5eYz0k","Happy Nation (Remastered)","1994-01-01","90s Dance Hits","50cXvxgMGrvoUeLhkzCyIO","pop","dance pop",0.707,0.628,11,-9.684,1,0.0877,0.00526,8.21e-05,0.104,0.87,187.548,211213
"3L9RIFcNF9IDGPRE96EO7N","The Rhythm Of The Night","Corona",56,"385wsbH2dVjZDB9rdVOHUH","Disco 90's","2009-03-16","90s Dance Hits","50cXvxgMGrvoUeLhkzCyIO","pop","dance pop",0.69,0.805,5,-11.522,0,0.0336,0.000232,0.739,0.095,0.799,127.808,264280
"270MuyUHPJJUXWApRk2Py8","Macarena - Bayside Boys Remix","Los Del Rio",38,"0F2v1g7RUEmK077TfZGeoS","Ultimate Holiday Hits","2008-07-25","90s Dance Hits","50cXvxgMGrvoUeLhkzCyIO","pop","dance pop",0.746,0.909,11,-6.032,1,0.058,0.206,2.23e-06,0.0656,0.962,103.189,222027
"2goLsvvODILDzeeiT4dAoR","Believe","Cher",76,"0jZfbz0dNfDjPSg0hYJNth","Believe","1998","90s Dance Hits","50cXvxgMGrvoUeLhkzCyIO","pop","dance pop",0.652,0.917,6,-6.72,1,0.0548,0.0082,0,0.0509,0.459,132.975,239027
"36sAHywEsh50kaM6CpENHp","(You Drive Me) Crazy","Britney Spears",2,"7e2tD25UffSO1019rrrRPe","Baby One More Time","1999-01-12","90s Dance Hits","50cXvxgMGrvoUeLhkzCyIO","pop","dance pop",0.755,0.944,8,-3.936,1,0.0342,0.0599,0,0.332,0.962,104.006,198093
"3DYVWvPh3kGwPasp7yjahc","The Sign","Ace of Base",55,"0nQFgMfnmWrcWDOQqIgJL7","Greatest Hits","2008-11-14","90s Dance Hits","50cXvxgMGrvoUeLhkzCyIO","pop","dance pop",0.802,0.828,4,-6.366,0,0.0426,0.0127,0.0683,0.0293,0.946,97.01,189787
"6YZpyZ4gmK4VQWvN6230A2","Will I Ever","Alice DJ",49,"5oPKlo7IBFXlh12tqDVoAU","Who Needs Guitars Anyway?","2000","90s Dance Hits","50cXvxgMGrvoUeLhkzCyIO","pop","dance pop",0.651,0.836,2,-7.825,1,0.0309,0.000489,0.794,0.0539,0.628,137.048,210147
"4RybvT8lyLLjkWXqmAuZnX","Happy People (feat. Marky Mark)","Prince Ital Joe",50,"3Vvt7b5z4GVIaK14CfKF88","Life In The Streets","1994-04-29","90s Dance Hits","50cXvxgMGrvoUeLhkzCyIO","pop","dance pop",0.793,0.588,9,-8.346,0,0.0435,0.28,0,0.317,0.38,130.039,238200
"4q7HqgwzTAK332xEbzuBVm","Sex On The Beach - Original Mix","T-Spoon",3,"0AqYdbMMsucUfiXV9mCp8O","Sex on the beach","2008-11-15","90s Dance Hits","50cXvxgMGrvoUeLhkzCyIO","pop","dance pop",0.731,0.745,5,-7.611,1,0.0269,0.147,0,0.166,0.969,99.989,237293
"6JFyoWiWW69dTjPrJ0RxQ1","When You Wish Upon A Star","The Mamas",55,"0RwaotyCpvAytYj5WaH96L","When You Wish Upon A Star","2019-11-08","90s Dance Hits","50cXvxgMGrvoUeLhkzCyIO","pop","dance pop",0.267,0.21,9,-8.994,1,0.0292,0.825,0,0.105,0.288,194.352,183667
"4yEXem27DzCg8xytvvO3E9","Lollipop (Candyman)","Aqua",0,"2vb252Haz9iX4iOd7vP8kX","Greatest Hits","2009-01-01","90s Dance Hits","50cXvxgMGrvoUeLhkzCyIO","pop","dance pop",0.716,0.981,0,-3.612,0,0.031,0.0317,0.0074,0.171,0.861,139.047,215053
"5a6WvCvpzP3flz3ZG0aAMp","Rock My Heart - Radio Mix","Haddaway",44,"1LAx7yCVbGwskdnGDof8SC","The Album","1993-09-13","90s Dance Hits","50cXvxgMGrvoUeLhkzCyIO","pop","dance pop",0.592,0.931,5,-7.186,0,0.0371,0.00551,0.0301,0.205,0.612,130.028,250933
"5p0rUHicpwMZil8RlNGGth","This Is Your Night","Amber",52,"5NNCWaLHgcwPrWSPsp86ph","This Is Your Night","1996-11-26","90s Dance Hits","50cXvxgMGrvoUeLhkzCyIO","pop","dance pop",0.674,0.908,9,-3.262,0,0.0325,0.0714,0.000104,0.121,0.861,127.99,238160
"6xjmujeAeuBznFjdKhZQNY","The Other Side","Grace Gracie",35,"7yoBhbkKWO2Z1D8ejHTSng","The Other Side","2019-11-29","90s Dance Hits","50cXvxgMGrvoUeLhkzCyIO","pop","dance pop",0.422,0.621,8,-4.946,0,0.049,0.689,0.00117,0.135,0.118,128.077,183750
"0kwENjv9F98MZLPEN3gCQT","Gonna Make You Sweat (Everybody Dance Now)","C & C Music Factory",2,"3DFnN7SaYffZ6BrSmIhtkR","100 Hits of the '90s","2010-02-26","90s Dance Hits","50cXvxgMGrvoUeLhkzCyIO","pop","dance pop",0.561,0.789,6,-9.134,1,0.0952,0.00217,0.446,0.194,0.796,112.815,243800
"0XVikcHfkoBvJ5ZU8xQBWn","Come and Get Your Love - Radio Edit","Real McCoy",41,"0m4EUHpp4mVnV8AWHT7T7x","Another Night","1995-03-28","90s Dance Hits","50cXvxgMGrvoUeLhkzCyIO","pop","dance pop",0.736,0.864,8,-6.567,1,0.0397,0.0179,1.62e-05,0.345,0.763,108.828,194560
"4wtR6HB3XekEengMX17cpc","Children","Robert Miles",67,"5vwm8dEf7xGTqUAas8zGdC","Dance Vault Mixes - Children","1996-07-11","90s Dance Hits","50cXvxgMGrvoUeLhkzCyIO","pop","dance pop",0.604,0.755,0,-10.761,1,0.0337,0.000295,0.812,0.0625,0.388,137.064,243267
"4lDKORchTM8Rd0PFQFXTLX","Baby Baby","Corona",55,"6rrPmmb2lQd5pNRL6HKBZx","The Rhythm of the Night","1994","90s Dance Hits","50cXvxgMGrvoUeLhkzCyIO","pop","dance pop",0.639,0.869,7,-8.479,1,0.0311,0.00336,0.002,0.0576,0.562,133.033,228013
"12DVGoYMPBebItALnmaNdT","Pump Up the Jam","Technotronic",38,"1k1nZFZj8nOI5Yugc6hQs6","Winners Greatest Hits Vol.2","2010-11-16","90s Dance Hits","50cXvxgMGrvoUeLhkzCyIO","pop","dance pop",0.848,0.875,10,-8.866,0,0.0822,0.0164,1.69e-06,0.046,0.673,124.821,214576
"5jOvmh1DYmaiBPETL6HCRY","Waiting for Tonight","Jennifer Lopez",55,"7LN1DM2rLG5GFezakJF4vk","Dance Again...The Hits","2012-07-20","90s Dance Hits","50cXvxgMGrvoUeLhkzCyIO","pop","dance pop",0.694,0.941,10,-6.108,0,0.0408,0.00224,0.0826,0.109,0.854,125.014,246507
"4Fqm5rqB0WMx0hPOwgRjFr","Dreams (Will Come Alive)","2 Brothers On The 4th Floor",61,"3us11hQQJX1JXSIOz98bGG","Dreams","1994","90s Dance Hits","50cXvxgMGrvoUeLhkzCyIO","pop","dance pop",0.701,0.979,7,-4.861,0,0.048,0.00328,0.308,0.416,0.612,134.013,263163
"1vuz46T61qINYeGeN93AKZ","Life - Radio Edit","Des'ree",27,"1suw2wSUQSR9ZJxL2xkh3e","Essential - The 90s","2010-09-10","90s Dance Hits","50cXvxgMGrvoUeLhkzCyIO","pop","dance pop",0.723,0.711,1,-5.846,1,0.0427,0.192,5.74e-06,0.11,0.661,104.814,189987
"1Je1IMUlBXcx1Fz0WE7oPT","Wannabe","Spice Girls",79,"3x2jF7blR6bFHtk4MccsyJ","Spice","1996-01-01","90s Dance Hits","50cXvxgMGrvoUeLhkzCyIO","pop","dance pop",0.768,0.864,11,-6.145,1,0.0324,0.101,0,0.162,0.891,110.008,173027
"6X5nB9TR6EK9ABabYAzcQ8","Ride Wit Me - Album Version (Edited)","Nelly",2,"6pHCHKNM0hRDgKRR52tW7X","Lost & Found: Noughties Pop Volume 1","2007","90s Dance Hits","50cXvxgMGrvoUeLhkzCyIO","pop","dance pop",0.843,0.682,7,-6.446,1,0.0646,0.0627,2.54e-06,0.0301,0.766,101.865,290373
"0b8PKDeFc2T5u9cRbLLv2r","We’re Going to Ibiza!","Vengaboys",60,"5t02mTYT9ks9sOC1ihea4a","Greatest Hits!","2000","90s Dance Hits","50cXvxgMGrvoUeLhkzCyIO","pop","dance pop",0.802,0.671,1,-9.969,1,0.0424,0.0233,0.0108,0.0943,0.912,103.993,216360
"2wz5weI4PREzpexKfrKgwv","Sweet Dreams","La Bouche",62,"7hP1XPeFjOYTM2xgruJZyo","Greatest Hits","2007","90s Dance Hits","50cXvxgMGrvoUeLhkzCyIO","pop","dance pop",0.656,0.956,11,-5.647,0,0.0536,0.0784,0.0247,0.0923,0.831,133.713,204587
"2es5efbIHrLOLcdmBmpoiR","Back in My Life","Alice DJ",45,"6dPOi4Pi89IJ4zk7Xh911S","Back in My Life","1999","90s Dance Hits","50cXvxgMGrvoUeLhkzCyIO","pop","dance pop",0.576,0.828,0,-8.883,1,0.0327,0.000223,0.822,0.35,0.479,137.968,212493
"2Ld2LehpgQNREMxl9LlIzm","Boom, Boom, Boom, Boom!!","Vengaboys",62,"44BtGGBJohrvoKVzmi1wij","Boom, Boom, Boom, Boom!!","1998","90s Dance Hits","50cXvxgMGrvoUeLhkzCyIO","pop","dance pop",0.8,0.894,6,-7.346,0,0.04,0.0108,0.437,0.0285,0.967,138.48,201840
"0JXXm3RqxU8EKzX4P8M0n3","More And More - Single Version","Captain Hollywood Project",60,"01ChjoiBlN7bBmsvrzuzlo","Love Is Not Sex","1993-03-05","90s Dance Hits","50cXvxgMGrvoUeLhkzCyIO","pop","dance pop",0.661,0.847,7,-11.855,1,0.0349,0.225,0.835,0.0863,0.71,125.862,253573
"40WzXFabdkT1KCgRYwoz8X","Generation Of Love","Masterboy",1,"0y01fluOw7z4BxN06InlRr","Generation Of Love","1995-01-01","90s Dance Hits","50cXvxgMGrvoUeLhkzCyIO","pop","dance pop",0.655,0.884,6,-6.515,0,0.0602,0.0102,0,0.259,0.772,140.008,219240
"0ibYVniVLMJWvc3eNfYk8T","Run Away","Real McCoy",49,"0m4EUHpp4mVnV8AWHT7T7x","Another Night","1995-03-28","90s Dance Hits","50cXvxgMGrvoUeLhkzCyIO","pop","dance pop",0.721,0.924,1,-8.282,1,0.0396,0.000683,0.00382,0.0817,0.694,130.947,244133
"0DURckDH8F3pzTz7KKFLz7","Call Me","Deee-Lite",33,"1sozEjvFpn72ZGQtPrLTa1","Dewdrops In The Garden","1994","90s Dance Hits","50cXvxgMGrvoUeLhkzCyIO","pop","dance pop",0.667,0.827,11,-10.869,0,0.0553,0.0286,0.0135,0.245,0.441,127.993,230600
"5LskeIhrR7YqlbrPWZJRLe","(You Drive Me) Crazy [The Stop Remix!] - Remastered","Britney Spears",40,"2ti2e8J05nwg9ikcMjW8aS","The Essential Britney Spears","2014-07-29","90s Dance Hits","50cXvxgMGrvoUeLhkzCyIO","pop","dance pop",0.727,0.951,8,-4.004,1,0.0375,0.211,0.000701,0.0537,0.774,101.078,197653
"1GwdUrz7DujSedNxnzVfqI","Beautiful Life","Ace of Base",4,"3BSPr0MAvO0iTCkxPs1vIA","Singles of the 90s","1999-01-03","90s Dance Hits","50cXvxgMGrvoUeLhkzCyIO","pop","dance pop",0.741,0.953,0,-6.969,0,0.0333,0.202,0.00684,0.0954,0.735,135.002,219307
"4mSRaJAwIZOhdxFQF4ryZa","Celebration","Kylie Minogue",27,"3qblPGf60yPkkYaBwDg6ig","Celebration","1992-11-29","90s Dance Hits","50cXvxgMGrvoUeLhkzCyIO","pop","dance pop",0.697,0.874,0,-5.979,1,0.0356,0.0469,0.0177,0.0817,0.576,121.225,238747
"7kWmT6l911OFlkhhSV6KlM","Got to Get It","Culture Beat",48,"4WiN45TcjcmOnnk8ZPzIIO","Serenity","1993-01-01","90s Dance Hits","50cXvxgMGrvoUeLhkzCyIO","pop","dance pop",0.668,0.909,9,-9.925,0,0.0397,0.000705,0.0448,0.235,0.541,132.865,321427
"6JXghpembwocSY1Ky0TxTt","No More (I Can't Stand It)","Maxx",48,"0DtX7zwNKLUtDWpDFHRVsG","To The Maxximum","1994","90s Dance Hits","50cXvxgMGrvoUeLhkzCyIO","pop","dance pop",0.763,0.791,10,-11.246,1,0.0357,0.0102,0.0743,0.271,0.603,137.948,281933
"69jRUfC6ZjhiY88OySXqoj","Let the Dream Come True","DJ Bobo",40,"42iXHnNCzEOJ3Ik0J5OEJz","Best Of","2014-05-02","90s Dance Hits","50cXvxgMGrvoUeLhkzCyIO","pop","dance pop",0.701,0.868,11,-7.585,0,0.0287,0.0337,0.114,0.291,0.716,141.981,241067
"32PCjJw8mk1FrJT2FcqRtT","Let's Talk About Sex","Salt-N-Pepa",2,"4eKi4PJuybybkSbE6nNQnD","RnB Fridays","2015-10-30","90s Dance Hits","50cXvxgMGrvoUeLhkzCyIO","pop","dance pop",0.871,0.709,6,-7.213,1,0.109,0.037,0,0.236,0.724,106.912,212747
"7vHkU1H73z5NVbGTIyI1DG","Around The World","Aqua",0,"2vb252Haz9iX4iOd7vP8kX","Greatest Hits","2009-01-01","90s Dance Hits","50cXvxgMGrvoUeLhkzCyIO","pop","dance pop",0.705,0.975,6,-3.847,1,0.0312,0.00332,0.000182,0.537,0.969,129.934,209120
"0weAUscowxeqDtpCgtbpgp","Gettin' Jiggy Wit It","Will Smith",70,"2esWeP8Ln1sXA0jbDmi3Zq","Big Willie Style","1997-10-03","90s Dance Hits","50cXvxgMGrvoUeLhkzCyIO","pop","dance pop",0.881,0.874,6,-4.505,1,0.139,0.0175,1.19e-06,0.154,0.858,107.891,227933
"5Jcv891JICGnMkkP7Lr3Ju","Cotton Eye Joe","Rednex",5,"3DFnN7SaYffZ6BrSmIhtkR","100 Hits of the '90s","2010-02-26","90s Dance Hits","50cXvxgMGrvoUeLhkzCyIO","pop","dance pop",0.738,0.937,9,-7.788,0,0.0668,0.0124,0.00206,0.0338,0.614,131.994,193827
"71Cid4UeolaHRzdbmMDAVb","Get A Way","Maxx",60,"0DtX7zwNKLUtDWpDFHRVsG","To The Maxximum","1994","90s Dance Hits","50cXvxgMGrvoUeLhkzCyIO","pop","dance pop",0.852,0.864,2,-10.131,1,0.0387,0.0334,0.0239,0.0525,0.603,132.999,226773
"3f2pJ9Mb9EcaCLJjm1aevz","I Give You My Heart","Mr. President",4,"2t8Bc4qBseswbwOoHGHK8d","We See The Same Sun","1996","90s Dance Hits","50cXvxgMGrvoUeLhkzCyIO","pop","dance pop",0.744,0.933,4,-4.875,1,0.0329,0.0027,0.000315,0.114,0.911,145.977,215067
"3XVozq1aeqsJwpXrEZrDJ9","Ice Ice Baby","Vanilla Ice",70,"20O6lfaDAoMhUj5TAvVbb6","Vanilla Ice Is Back! - Hip Hop Classics","2008-11-04","90s Dance Hits","50cXvxgMGrvoUeLhkzCyIO","pop","dance pop",0.979,0.792,2,-2.784,1,0.0388,0.0025,7.71e-06,0.102,0.583,116.012,254467
"1B95cw0Rjg96AKLfxxUSnb","Lost in Someone Else","Casey Derhak",39,"02tI1RemCJ8dW5aab1zqHj","Southern Pop, Vol. 1","2019-04-23","90s Dance Hits","50cXvxgMGrvoUeLhkzCyIO","pop","dance pop",0.734,0.551,0,-7.392,1,0.032,0.571,1.11e-05,0.123,0.505,99.984,237534
"0yx5eBLk3AGOH5EruCqLDx","Hardcore Vibes","Dune",57,"5hAcH6CTDKGj43pMhp4iwR","Dune","1995-07-31","90s Dance Hits","50cXvxgMGrvoUeLhkzCyIO","pop","dance pop",0.578,0.631,4,-11.93,0,0.0415,0.0156,0.488,0.0578,0.484,163.883,213240
"72lAIcldZMBgaeF6XwjAnC","Better Off Alone - Hitradio Mix","Alice Deejay",3,"4nfa816hAo6qoIHzrVsELJ","Better Off Alone","1999","90s Dance Hits","50cXvxgMGrvoUeLhkzCyIO","pop","dance pop",0.674,0.772,8,-9.69,0,0.0659,0.00352,0.8,0.256,0.762,136.969,218493
"3DdCb7EyPUcUD0LKWkJ0L7","Roses Are Red - Original Version","Aqua",2,"58F319Pyj5Pb2jCB5oBLoT","Greatest Hits","2009-01-01","90s Dance Hits","50cXvxgMGrvoUeLhkzCyIO","pop","dance pop",0.612,0.974,0,-3.527,0,0.0407,0.0133,0.0107,0.618,0.817,139.934,222747
"2foOeJLKSvepjHEkb4NR8N","Think About The Way","Ice Mc",59,"3fSQDORWIQuhjPWZOptkML","Ice 'n' Green","1994-01-01","90s Dance Hits","50cXvxgMGrvoUeLhkzCyIO","pop","dance pop",0.763,0.713,2,-8.9,0,0.0311,0.128,0.000623,0.145,0.668,132.993,260973
"2QbuqnxPaHCsYnlbAZDxvV","Try Me Out","Corona",48,"6rrPmmb2lQd5pNRL6HKBZx","The Rhythm of the Night","1994","90s Dance Hits","50cXvxgMGrvoUeLhkzCyIO","pop","dance pop",0.753,0.77,7,-8.655,0,0.035,0.0489,0.000397,0.251,0.558,130.977,206880
"4KjXkB31IrgmVimunoVrts","Max Don´t Have Sex With Your Ex","E-Rotic",46,"46uw8uMUqyfb4tRAGd2L89","Sex Affairs","2001-07-01","90s Dance Hits","50cXvxgMGrvoUeLhkzCyIO","pop","dance pop",0.547,0.993,9,-5.565,0,0.0604,0.00786,0.00119,0.362,0.656,139.886,211040
"5YTMRAT4yKgFrepF8Hi3mY","I Want You Back - Radio Edit","*NSYNC",54,"0CADmCXbIx4F9m6TBwLtFd","'N Sync","1997-05-26","90s Dance Hits","50cXvxgMGrvoUeLhkzCyIO","pop","dance pop",0.758,0.93,8,-3.22,0,0.0425,0.0503,0.000226,0.325,0.853,112.042,202107
"5hDPWrf12qJQ2pFGTbputX","Ecuador - Original Radio Edit","Sash!",45,"0hMDjyMROTrvRaCygtpWU3","The Best Of","2016-09-30","90s Dance Hits","50cXvxgMGrvoUeLhkzCyIO","pop","dance pop",0.591,0.888,4,-6.836,1,0.0354,0.00223,0.699,0.396,0.588,132.885,212133
"1gyaphIqlNbfhlQTUJ8iNr","Saturday Night - Radio Edit","Whigfield",6,"0PpDjwX93DRxVmakubuAtN","Best of [X-Mas Edition]","2013-12-17","90s Dance Hits","50cXvxgMGrvoUeLhkzCyIO","pop","dance pop",0.735,0.868,11,-9.07,1,0.0387,0.0339,0.0264,0.234,0.965,129.963,223910
"4kFmRFE9YzjKnUCbXQKnag","Nessaja","Scooter",47,"3y02W7Qv7zFB85ApapWbVt","20 Years of Hardcore (Remastered)","2013-10-11","90s Dance Hits","50cXvxgMGrvoUeLhkzCyIO","pop","dance pop",0.486,0.904,2,-6.642,1,0.0364,0.000748,0.0984,0.187,0.118,143.048,208450
"34zbPJOhBLVd4sYbHSV7nr","Dub-I-Dub","Me & My",49,"4WmrKyFBuGY2ygFrRqMUVH","Me & My","1995","90s Dance Hits","50cXvxgMGrvoUeLhkzCyIO","pop","dance pop",0.658,0.96,7,-6.251,1,0.0474,0.066,1.38e-05,0.154,0.961,136.005,205000
"6PUzxtIHkv346yP89NzP9X","Kernkraft 400","Zombie Nation",47,"2qmrRoUZQemrKFr9PBMDHd","Kernkraft 400 Single Mixes","2006-03-07","90s Dance Hits","50cXvxgMGrvoUeLhkzCyIO","pop","dance pop",0.798,0.43,8,-7.839,0,0.0868,0.0055,0.901,0.146,0.487,140.064,285173
"4cjHy6TwppuNZ05yrP8Fic","Think of You - Radio Edit","Whigfield",50,"13pJUleJn57jkWQFZ3b6lj","Think of You - Single","1995-05-08","90s Dance Hits","50cXvxgMGrvoUeLhkzCyIO","pop","dance pop",0.696,0.806,8,-11.141,1,0.0361,0.0631,0.00155,0.0343,0.871,127.395,243069
"2Biy0tRkZTGxGH8axDwnqP","The Bomb (These Sounds Fall Into My Mind)","The Bucketheads",50,"7AvNbRsfa2B0Hwf4bfcABj","All In The Mind","1995-03-03","90s Dance Hits","50cXvxgMGrvoUeLhkzCyIO","pop","dance pop",0.782,0.874,5,-3.57,1,0.0384,0.0027,0.343,0.0766,0.872,125.917,202934
"1CJbLAkUiPXrttszpQhnO6","Mr. Vain Recall - Radio Edit","Culture Beat",7,"7KmBBdhWW33xFdfaoV0iVv","Mr. Vain Recall","2009-07-24","90s Dance Hits","50cXvxgMGrvoUeLhkzCyIO","pop","dance pop",0.549,0.947,2,-5.141,1,0.0702,0.00191,0.0322,0.333,0.38,139.747,213413
"1SssFw74DdHVjRa6ADggdD","Sweat (A La La La La Long)","Inner Circle",70,"0zLd8jpRt4m6FWCu81Fb9n","Blazzin' Fire","2010-12-14","90s Dance Hits","50cXvxgMGrvoUeLhkzCyIO","pop","dance pop",0.787,0.727,0,-7.705,1,0.224,0.0124,0,0.157,0.936,173.025,227067
"7dIa8yS7HIPKkBvOmERSZ7","U Got 2 Let The Music - Brescia Edit","Cappella",46,"5WnAHnV4xlvxZXEDOtISxX","Best Of Cappella","2010-06-18","90s Dance Hits","50cXvxgMGrvoUeLhkzCyIO","pop","dance pop",0.669,0.974,9,-4.33,0,0.0369,0.0911,0.174,0.174,0.682,135.046,218907
"44o1MQVbm8S827avRs4RHc","Feel the heat of the night - Radio Edit","Masterboy",50,"73rwjoMZxrGQdbe5rPK7EY","Feel the heat of the night","2006-01-23","90s Dance Hits","50cXvxgMGrvoUeLhkzCyIO","pop","dance pop",0.625,0.917,9,-6.893,0,0.0396,0.0136,0.00338,0.324,0.9,137.968,221840
"1M9HkdNJ9ArhHc4ueJ5tVm","Captain Jack - Short Mix","Captain Jack",48,"5l3oBATLEoSIqIbLyrEH90","Captain Jack Is Back","2008-11-21","90s Dance Hits","50cXvxgMGrvoUeLhkzCyIO","pop","dance pop",0.667,0.999,1,-4.375,0,0.0828,0.0726,4.15e-05,0.238,0.566,149.875,248533
"09nxdcY2oYo57fJrG6CCCT","Dragostea Din Tei - Original Romanian Version","O-Zone",8,"4I8dkoKeszRKl3UqT89l7R","Time 25th Anniversary","2009-12-25","90s Dance Hits","50cXvxgMGrvoUeLhkzCyIO","pop","dance pop",0.813,0.966,0,-3.924,1,0.0417,0.173,0,0.0729,0.681,130.086,213461
"3cOnQmSQuEUie603kZp82h","Somebody Dance with Me","DJ Bobo",43,"42iXHnNCzEOJ3Ik0J5OEJz","Best Of","2014-05-02","90s Dance Hits","50cXvxgMGrvoUeLhkzCyIO","pop","dance pop",0.682,0.988,6,-7.11,0,0.0388,0.101,0.00105,0.14,0.649,124.051,212893
"0KT6DLAELYSbgfUemzwGPX","Heaven (featuring Do)","DJ Sammy",64,"15UjVcCwrMwAEPzAoVrZ55","Heaven","2002-08-06","90s Dance Hits","50cXvxgMGrvoUeLhkzCyIO","pop","dance pop",0.565,0.942,8,-6.821,1,0.0518,0.00107,0.000393,0.152,0.569,137.972,235000
"5unmsMTn84dE2kb3kz4wfe","Around the World (La La La La La) - Radio Version","A Touch Of Class",5,"5Coqq6ulj1Q4EBnDzyuY9l","Smash! Vol. 11","2000-11-24","90s Dance Hits","50cXvxgMGrvoUeLhkzCyIO","pop","dance pop",0.608,0.979,9,-6.184,0,0.0279,0.119,0.000878,0.156,0.653,131.985,215800
"3vV2Gu4JlRaeHfJxg2Z1dk","My Oh My","Aqua",43,"7uYn7ZSrXOVlmITyocZs9F","Aquarium","1997-01-01","90s Dance Hits","50cXvxgMGrvoUeLhkzCyIO","pop","dance pop",0.712,0.931,2,-7.742,0,0.0337,0.107,0.00132,0.0819,0.961,132.993,204720
"5Klo65Y9uouLjNVDV3pqh7","Go West - 2003 Remaster","Pet Shop Boys",63,"5IVJbSDDWbGjKbBczyifFl","PopArt - The Hits","2003","90s Dance Hits","50cXvxgMGrvoUeLhkzCyIO","pop","dance pop",0.535,0.951,7,-5.859,1,0.0373,0.0174,9.61e-06,0.345,0.444,120.72,304080
"1ohbjkuczl6hEoYEo931PH","Sing Hallelujah!","Dr. Alban",21,"5YPI9qfm2uuMxlq4CEUOFu","One Love (2nd Edition)","1992-05-04","90s Dance Hits","50cXvxgMGrvoUeLhkzCyIO","pop","dance pop",0.759,0.822,5,-7.268,0,0.0367,0.00136,0.0167,0.131,0.94,124.713,240933
"1pUFYb9peWkK8m1WCKNRjp","God Is a DJ","Faithless",57,"2Vcq2BbEjHFdfodZ8hlcZL","Forever Faithless - The Greatest Hits (C)","2005-08-30","90s Dance Hits","50cXvxgMGrvoUeLhkzCyIO","pop","dance pop",0.607,0.897,10,-7.468,0,0.0448,0.177,0.885,0.17,0.391,130.549,208507
"5npMYgysWSKOIVXj2szeLn","Vogue - Edit","Madonna",51,"38nngL1nidjNYdHvJ3xJED","I'm Breathless","1990-03-22","90s Dance Hits","50cXvxgMGrvoUeLhkzCyIO","pop","dance pop",0.69,0.817,10,-10.137,0,0.0478,0.0109,0.00276,0.103,0.285,116.211,289560
"6FP4peicCGnib7asns71fs","The Launch - Radio Edit","DJ Jean",53,"2mf2kFapmGUkmAVWvjjzr0","The Launch","1999-02-02","90s Dance Hits","50cXvxgMGrvoUeLhkzCyIO","pop","dance pop",0.739,0.998,11,-5.669,0,0.137,0.0622,0.922,0.266,0.259,136.513,220360
"5WtbtCmPbr8a9TkFSCx7nF","Not over Yet - Perfecto Edit","Grace",20,"3g4niytYg05bBFEApZ1LVs","Digging In The Crates: 1997 Vol. 1","2007-01-30","90s Dance Hits","50cXvxgMGrvoUeLhkzCyIO","pop","dance pop",0.559,0.829,6,-8.149,0,0.0407,0.00496,0.00597,0.05,0.463,130.532,458058
"4cqiLvFRDuV8ClE61eMmZx","Never Alone","2 Brothers On The 4th Floor",55,"3us11hQQJX1JXSIOz98bGG","Dreams","1994","90s Dance Hits","50cXvxgMGrvoUeLhkzCyIO","pop","dance pop",0.697,0.916,8,-4.512,0,0.0592,0.0727,0.000333,0.615,0.767,128.002,252072
"1IWzfq3sLedGQ3fb2hAMBA","Rhythm Is A Dancer","SNAP!",57,"2TrNT4qm7qDIRTUVn9jBW4","The Madman's Return","1992-01-01","90s Dance Hits","50cXvxgMGrvoUeLhkzCyIO","pop","dance pop",0.757,0.652,9,-14.916,0,0.0333,0.214,0.257,0.0903,0.862,124.369,332230
"3v1W3lS40jrAyGerzF3igy","Up & Down","Vengaboys",61,"5t02mTYT9ks9sOC1ihea4a","Greatest Hits!","2000","90s Dance Hits","50cXvxgMGrvoUeLhkzCyIO","pop","dance pop",0.79,0.929,6,-9.123,1,0.0671,0.000405,0.648,0.0693,0.894,135.951,241040
"6dugx9WBSS8TDxbKqp9zmj","Scatman's World","Scatman John",54,"2MRWFajfjxfLAF3wwmdv5j","Scatman's World","1995-06-01","90s Dance Hits","50cXvxgMGrvoUeLhkzCyIO","pop","dance pop",0.703,0.874,11,-10.801,0,0.0566,0.0705,4.84e-06,0.0947,0.939,146.987,225133
"2rTYgHxgcndkUrRoU7x0Sv","Mr. Vain","Culture Beat",54,"4WiN45TcjcmOnnk8ZPzIIO","Serenity","1993-01-01","90s Dance Hits","50cXvxgMGrvoUeLhkzCyIO","pop","dance pop",0.676,0.996,9,-7.946,0,0.0397,0.0478,0.262,0.333,0.4,132.871,336840
"0FkLMOUTkSTPSAYkIXQ579","L'amour Toujours (Small Mix)","Gigi D'Agostino",69,"3dvjLo2u1kao2ikKIJa6KP","L'Amour Toujour","2014-05-30","90s Dance Hits","50cXvxgMGrvoUeLhkzCyIO","pop","dance pop",0.637,0.878,7,-4.449,1,0.0302,0.0775,0.0227,0.364,0.742,139.053,242053
"0nQLxiNGbbUoSGrxksETLm","The Power","SNAP!",59,"40dT7brCvniJawDHpBCE4A","World Power","1990-01-01","90s Dance Hits","50cXvxgMGrvoUeLhkzCyIO","pop","dance pop",0.74,0.88,0,-7.693,1,0.0624,0.0434,0.00798,0.341,0.707,108.9,228994
"12N5Qmt5TAs881z17sWUvV","Run To Me","Double You",53,"4FFAbrXcMye0H2wPesW81W","The Blue Album","1994-01-01","90s Dance Hits","50cXvxgMGrvoUeLhkzCyIO","pop","dance pop",0.718,0.963,10,-13.968,0,0.0536,0.0352,0.00681,0.101,0.361,129.989,237533
"4RADreHMvMkZwsPgPr9z5c","Rhythm Is A Dancer - 7"" Edit","SNAP!",67,"2TrNT4qm7qDIRTUVn9jBW4","The Madman's Return","1992-01-01","90s Dance Hits","50cXvxgMGrvoUeLhkzCyIO","pop","dance pop",0.794,0.745,9,-11.367,0,0.037,0.271,0.00041,0.143,0.706,124.249,225882
"6sT92lWDQbnGNuPlEbygaR","In My Hood","50 Cent",1,"6djlUHJRvmKU4TpgOAhmRA","The Massacre (Ecopac Reissue Explicit)","2005-03-03","Gangster Rap","5joQabz9ys3XPGbSx5CaKv","rap","gangster rap",0.801,0.72,1,-5.155,1,0.303,0.184,0,0.241,0.492,90.024,230899
"6RUpJeXT6U4SPEafnr9Wr7","Where The Hood At","DMX",66,"0FeqrLI13XnYNY1s414uQd","Grand Champ","2003-01-01","Gangster Rap","5joQabz9ys3XPGbSx5CaKv","rap","gangster rap",0.537,0.948,8,-3.063,1,0.355,0.151,0,0.356,0.792,186.151,286267
"3hQCHzkE5oSA3F1xM8bpcM","Hustlin'","Rick Ross",67,"42T8qfRs7jdpInsSk6nDJk","Port Of Miami","2006-01-01","Gangster Rap","5joQabz9ys3XPGbSx5CaKv","rap","gangster rap",0.502,0.652,9,-7.224,1,0.3,0.0849,0,0.0675,0.649,136.04,254093
"48A3iXuphgaaQ3yoLeV5RJ","We Right Here","DMX",0,"5I7EYZ1edjUbfyY5WR3l9X","The Best Of DMX","2010-01-01","Gangster Rap","5joQabz9ys3XPGbSx5CaKv","rap","gangster rap",0.767,0.678,9,-7.795,1,0.137,0.00731,0,0.314,0.635,92.923,271013
"37HlozQACAXm12NSaZIxF7","No Games","Rick Ross",42,"6nZJ328QRWOjMlvMMWOPGv","No Games","2013-01-01","Gangster Rap","5joQabz9ys3XPGbSx5CaKv","rap","gangster rap",0.759,0.828,8,-4.217,0,0.0532,0.0185,1.66e-06,0.159,0.353,146.58,233427
"2IR9MmoWsguzwzHmdByrQm","So Sophisticated","Rick Ross",1,"3CpAuvSlyfHW17Ff4bbAL8","So Sophisticated","2012-01-01","Gangster Rap","5joQabz9ys3XPGbSx5CaKv","rap","gangster rap",0.688,0.872,2,-4.651,1,0.282,0.029,0,0.571,0.562,76.983,249440
"35gufW50WoHlkh67uYA3bc","Best For You","Lil Muk",48,"39dLAJVK4axhjMi25cOP2L","Best For You","2019-12-13","Gangster Rap","5joQabz9ys3XPGbSx5CaKv","rap","gangster rap",0.523,0.507,1,-10.144,1,0.309,0.171,0,0.0413,0.316,98.931,186122
"3ekZOKyYPanieZuumAFVHb","Layaway","Alexander Lewis",52,"5N8KJCigy72ODKBg7o09mj","Layaway","2019-11-22","Gangster Rap","5joQabz9ys3XPGbSx5CaKv","rap","gangster rap",0.809,0.424,1,-8.898,1,0.262,0.0583,0,0.109,0.199,137.991,209955
"7rcZHRL3DrRtAy83R3nZVY","Talk To Me","F$O Dinero",21,"0BFy7NMzHS6LsAOUgSYzD7","Color Money","2019-11-26","Gangster Rap","5joQabz9ys3XPGbSx5CaKv","rap","gangster rap",0.786,0.612,8,-4.894,1,0.217,0.76,0,0.111,0.513,84.963,181673
"7q8BhxU2ZpUlXqmEy6nKFb","You Tried It","City Girls",62,"5whQ0P8HBzpQHmvKioxbkz","You Tried It","2019-11-27","Gangster Rap","5joQabz9ys3XPGbSx5CaKv","rap","gangster rap",0.854,0.728,7,-4.01,1,0.298,0.025,0,0.0642,0.616,94.907,126871
"6Uw77XfBxwg7VX6mMdqAmT","ARROGANT AMERiCAN FREESTYLE - REMIX","Riff Raff",48,"7wzqmeAHlPmQBcoEaB8TTg","ARROGANT AMERiCAN FREESTYLE (REMIX)","2020-01-10","Gangster Rap","5joQabz9ys3XPGbSx5CaKv","rap","gangster rap",0.61,0.959,1,-2.914,0,0.351,0.159,0,0.242,0.683,174.176,350500
"598yNsG1JFrGd4n2kMoz7F","Woah","Lil Baby",88,"393l0NdTr8Rv0hybf4FTxy","Woah","2019-11-08","Gangster Rap","5joQabz9ys3XPGbSx5CaKv","rap","gangster rap",0.882,0.602,11,-5.554,1,0.245,0.0177,0,0.178,0.43,142.959,183011
"2iObjOsy2vpsariW4Y7hQg","Costa Rica","Bankrol Hayden",67,"5mBTgXuk68h77WNzdvuOT7","Costa Rica","2020-01-10","Gangster Rap","5joQabz9ys3XPGbSx5CaKv","rap","gangster rap",0.9,0.482,11,-8.98,0,0.421,0.201,0,0.106,0.68,127.866,114965
"5GO45r4u84nc3QvdoVw4YP","Pinocchio","Ron Suno",64,"4l5NBux1zf3R749CXtbhaa","Pinocchio","2019-11-29","Gangster Rap","5joQabz9ys3XPGbSx5CaKv","rap","gangster rap",0.863,0.645,3,-10.297,0,0.484,0.523,2.28e-05,0.186,0.763,140.009,125205
"65fnx3Vbi6xdTWzy5zjx5N","Fell In Love","Maredatruth",39,"1c45ffCBiY46QnFfZaKV6t","Fell In Love","2019-11-09","Gangster Rap","5joQabz9ys3XPGbSx5CaKv","rap","gangster rap",0.901,0.626,7,-7.02,0,0.0669,0.115,0,0.157,0.89,115.043,170059
"40CzF4QRkG1XAYonnuNeVp","Step Harder","Yungeen Ace",65,"5JGPF3Txy3fzkromayVgmX","Step Harder","2019-11-08","Gangster Rap","5joQabz9ys3XPGbSx5CaKv","rap","gangster rap",0.82,0.65,5,-5.799,0,0.426,0.0182,0,0.115,0.363,155.026,176627
"5YT6EzwPldMABUP2C2mAAz","My Gun Go Off","50 Cent",0,"4BSvr6wzkjv5t76Sw067hI","Curtis","2007-01-01","Gangster Rap","5joQabz9ys3XPGbSx5CaKv","rap","gangster rap",0.632,0.76,7,-4.273,1,0.283,0.0922,1.25e-06,0.146,0.275,84.838,192080
"6MeXp6CHAwZ3FhqgZ9XMha","Jimmy Neutron","ABG Neal",46,"66EE0yt4I46dEPASjM4cis","Cocaine Cowboy","2019-11-20","Gangster Rap","5joQabz9ys3XPGbSx5CaKv","rap","gangster rap",0.83,0.791,5,-6.841,1,0.362,0.136,0,0.116,0.964,105.264,109367
"7rBc6rDOew4pAoVczLwb3I","Nun 2 Fuck Wit (feat. Young Dolph)","1PLAYY",55,"6jso1vSv2RV8YiCibfbD9N","Nun 2 Fuck Wit (feat. Young Dolph)","2019-12-27","Gangster Rap","5joQabz9ys3XPGbSx5CaKv","rap","gangster rap",0.874,0.496,5,-5.579,0,0.154,0.0498,0,0.294,0.129,145.977,170962
"2foRfwGVxB9LTnsihcrWiu","Fake Bitches","Justina Valentine",24,"0dkUAkuM4rGnen6NRXo0fi","Fake Bitches","2020-01-14","Gangster Rap","5joQabz9ys3XPGbSx5CaKv","rap","gangster rap",0.913,0.719,1,-3.536,1,0.21,0.545,0,0.132,0.448,99.99,168200
"0EYZTPdmYkj9Z2q95SepDx","I Smell Pussy","G-Unit",1,"41Ow8QFVL1VL8RIXLoXH9O","Beg For Mercy (Explicit Version)","2003-01-01","Gangster Rap","5joQabz9ys3XPGbSx5CaKv","rap","gangster rap",0.806,0.787,11,-3.005,0,0.216,0.0438,0,0.0644,0.74,89.208,238200
"67jrhonxy8Bgdqs3BxeHZb","Hustle","Billy Marchiafava",60,"3i1iDJ2x5QeWmtHqZVh7JA","Hustle","2019-11-01","Gangster Rap","5joQabz9ys3XPGbSx5CaKv","rap","gangster rap",0.792,0.629,11,-7.612,0,0.317,0.255,0,0.055,0.382,119.987,96000
"4x9sU0rsrZZynHpRebIxJs","Gryndin (feat. Young Marco)","Jae Mansa",45,"3i3EleVDqRfrODAj2qVAjG","Gryndin (feat. Young Marco)","2019-11-11","Gangster Rap","5joQabz9ys3XPGbSx5CaKv","rap","gangster rap",0.618,0.819,8,-2.151,0,0.239,0.291,0,0.0744,0.529,157.218,198845
"4vLRgSxcRmhnhAl9dKb0jl","McQueen","TrifeDrew",59,"3kCfNWxtVZI9UuUXLGv0an","McQueen","2019-11-12","Gangster Rap","5joQabz9ys3XPGbSx5CaKv","rap","gangster rap",0.688,0.689,10,-5.311,0,0.162,0.018,3.11e-06,0.114,0.578,184.093,156522
"0MO8aVNj5cHI7je07TamaY","I Don't Dance","DMX",56,"3O7cBYpHtUt1vIif1NjMYh","I Don't Dance (feat. Machine Gun Kelly) - Single","2012-08-07","Gangster Rap","5joQabz9ys3XPGbSx5CaKv","rap","gangster rap",0.695,0.917,1,-5.915,1,0.134,0.156,0,0.124,0.544,103.029,207360
"4EYF6ZVVDS3l2HnRiGXqYN","Downfall","Mikey Polo",38,"1ajjWFYz0VgOeFVaNMDNVB","Downfall","2019-11-20","Gangster Rap","5joQabz9ys3XPGbSx5CaKv","rap","gangster rap",0.936,0.665,2,-8.128,1,0.148,0.0629,0.000225,0.121,0.681,138.031,172492
"54l1COHmPabpaKkc2LbYar","Trapper of the Year","PashaPG",0,"5DvkxZHscOPKnbmnYIWmOm","Trapper of the Year","2019-05-03","Gangster Rap","5joQabz9ys3XPGbSx5CaKv","rap","gangster rap",0.65,0.496,10,-10.311,0,0.189,0.0185,0,0.138,0.382,166.002,196994
"3py7p5bZY9Wme45qQDQ0v7","Remember Me","DA Image",34,"1tKatpkIUqyudVvWoBbHZ0","Remember Me","2019-06-11","Gangster Rap","5joQabz9ys3XPGbSx5CaKv","rap","gangster rap",0.57,0.735,0,-8.041,0,0.187,0.0221,0,0.346,0.735,146.068,184999
"3rnDyg4f2oRsWmXdZVFD1Y","Chase The Money","E-40",63,"5EK2Kc4pKtcVGUM4Dvz2PQ","Practice Makes Paper","2019-07-26","Gangster Rap","5joQabz9ys3XPGbSx5CaKv","rap","gangster rap",0.893,0.776,11,-5.356,1,0.293,0.00607,0,0.103,0.229,91.987,284439
"2lAOxB26frBq3K9RA3cjS5","Surrounded By Hoes","50 Cent",30,"1yDDElSR4ITRKCXhB3HBBy","50 Cent Is The Future","2006-10-24","Gangster Rap","5joQabz9ys3XPGbSx5CaKv","rap","gangster rap",0.74,0.614,1,-7.092,0,0.315,0.543,0,0.109,0.813,93.449,130640
"6m37YblnnlJ1x7DfTc3Vj0","Floor Seats","Moxas",48,"4prQPMv85eAvXN7JpbOEWD","Floor Seats","2019-11-08","Gangster Rap","5joQabz9ys3XPGbSx5CaKv","rap","gangster rap",0.74,0.453,3,-7.828,1,0.121,0.656,8e-05,0.111,0.178,75.992,138158
"47dwmBX3P67PZj8147Oqbd","I Got Swag","50 Cent",0,"38fohN3vTyQ12wwbyF2CsU","Before I Self-Destruct","2009-01-01","Gangster Rap","5joQabz9ys3XPGbSx5CaKv","rap","gangster rap",0.63,0.871,7,-3.553,1,0.326,0.0154,0,0.306,0.509,181.259,214707
"6jJjAgqZ9Nh9NAaPuvDTHm","Old Me","Michael Kraun",35,"1hVwhYS9pqjlscJwrpfWd7","Downtime Pt. 2","2019-11-22","Gangster Rap","5joQabz9ys3XPGbSx5CaKv","rap","gangster rap",0.751,0.684,8,-3.402,1,0.107,0.179,0,0.12,0.173,110.006,210034
"3HvUqhm69q0l2TUnXRjJfK","Baby By Me","50 Cent",1,"6chlVdn2d2HVgpqfIeWQ4I","Baby By Me (Explicit Version)","2009-01-01","Gangster Rap","5joQabz9ys3XPGbSx5CaKv","rap","gangster rap",0.604,0.9,0,-2.935,0,0.0927,0.0183,0.000151,0.0728,0.422,190.029,215867
"1mUFR57zGeoooGf22RZysa","Outta Control - Remix","50 Cent",1,"6djlUHJRvmKU4TpgOAhmRA","The Massacre (Ecopac Reissue Explicit)","2005-03-03","Gangster Rap","5joQabz9ys3XPGbSx5CaKv","rap","gangster rap",0.77,0.595,8,-6.004,0,0.256,0.0225,0,0.0936,0.535,91.989,247060
"4ZlAmYFjBTeuegxaC8kvgb","Making Moves","YBS Skola",43,"4MyA2rW1Ybdp9FpC5kkWBY","Making Moves","2019-11-05","Gangster Rap","5joQabz9ys3XPGbSx5CaKv","rap","gangster rap",0.863,0.53,1,-9.846,1,0.39,0.0611,0,0.0805,0.599,159.948,160500
"6vcIFbbIOVfek0Npl2t1qq","If I Can't","50 Cent",0,"2PiSkRUZWhvID1Cf3ppls4","Get Rich Or Die Tryin' (Explicit Version)","2003-02-06","Gangster Rap","5joQabz9ys3XPGbSx5CaKv","rap","gangster rap",0.877,0.638,11,-2.537,0,0.333,0.249,0,0.0239,0.836,93.952,196640
"2m6xdtPjzwNtmqGXPsidxl","Close To Me","G-Unit",0,"3Um5njEfYT2NgowD5m0SDV","T.O.S. (Terminate On Sight)","2008-01-01","Gangster Rap","5joQabz9ys3XPGbSx5CaKv","rap","gangster rap",0.73,0.745,1,-3.775,1,0.239,0.0605,0,0.104,0.284,92.004,258307
"4qp6Tw7bIMWezyz2pTNVWm","Communicating","YBS Skola",38,"3BOAsut4UfTeItO2Etx1de","Communicating","2019-10-22","Gangster Rap","5joQabz9ys3XPGbSx5CaKv","rap","gangster rap",0.858,0.554,0,-8.165,0,0.344,0.0377,0,0.164,0.75,140.011,192000
"2JxeAupAiJdB8I2cieG4rP","Just A Lil Bit","50 Cent",2,"5EHSxToquFltlH2YM64Tie","The Massacre","2005-03-03","Gangster Rap","5joQabz9ys3XPGbSx5CaKv","rap","gangster rap",0.704,0.683,1,-6.617,1,0.328,0.0326,0.00627,0.336,0.526,96.912,237707
"0ctMHnma5rklnfurOKFXV0","Disco Inferno - Live from Sessions @ AOL","50 Cent",0,"43if2D3fAusXbLRmCwOVq7","Just A Lil Bit (International Version)","2005-01-01","Gangster Rap","5joQabz9ys3XPGbSx5CaKv","rap","gangster rap",0.831,0.549,2,-7.603,0,0.243,0.197,6.83e-06,0.33,0.606,97.041,189939
"09OO7Q2aOnwUA1as7cgiaP","In Da Club","50 Cent",1,"2PiSkRUZWhvID1Cf3ppls4","Get Rich Or Die Tryin' (Explicit Version)","2003-02-06","Gangster Rap","5joQabz9ys3XPGbSx5CaKv","rap","gangster rap",0.908,0.721,1,-2.761,0,0.316,0.274,0,0.0758,0.767,90.01,193467
"6pEROStfGkIV1sOAeWkUid","Candy Shop","50 Cent",7,"1jbowZlOPLltZHWGditXkI","Candy Shop (International Version)","2005-01-01","Gangster Rap","5joQabz9ys3XPGbSx5CaKv","rap","gangster rap",0.581,0.569,7,-7.978,1,0.43,0.0248,4.94e-05,0.373,0.726,97.927,208655
"4KGMWul1fFHccT8SWhaGYp","A Little More","Moosh & Twist",36,"487GIpv2vpP6VClb7riVfc","A Little More","2019-10-18","Gangster Rap","5joQabz9ys3XPGbSx5CaKv","rap","gangster rap",0.769,0.776,1,-2.559,0,0.0393,0.0603,0,0.229,0.184,126.077,233838
"4Jp4T5gbCLQzGz545Jb3NY","High All The Time","50 Cent",52,"5G5rgQHzdQnw32SI0WjIo5","Get Rich Or Die Tryin'","2003-02-06","Gangster Rap","5joQabz9ys3XPGbSx5CaKv","rap","gangster rap",0.66,0.911,11,-1.768,1,0.289,0.0297,0,0.0696,0.501,87.311,269360
"3gPNwPKf0rFbRG9FVxS82Y","Handsome","Rafi Malice",38,"4JRzgzkvcCeytnm9Pfo5SG","Handsome","2019-09-13","Gangster Rap","5joQabz9ys3XPGbSx5CaKv","rap","gangster rap",0.776,0.574,7,-4.805,1,0.0522,0.305,0,0.365,0.318,90.047,144000
"4Tyv7nnNTHC6mR1pTubIrw","Drop It Like It's Hot","Snoop Dogg",7,"6HvNCIZj3oCfxz0j75HaIZ","Drop It Like It's Hot (International Version)","2004-01-01","Gangster Rap","5joQabz9ys3XPGbSx5CaKv","rap","gangster rap",0.912,0.553,1,-4.716,1,0.205,0.188,0,0.102,0.62,91.991,270467
"7wch5iJo4JFtmrRfPVUBr1","Youth Memories","Fljúga",56,"1iHncXwENs5HdbP4bKM7FC","Youth Memories","2019-08-16","Gangster Rap","5joQabz9ys3XPGbSx5CaKv","rap","gangster rap",0.678,0.355,11,-10.102,0,0.0354,0.676,0.17,0.0912,0.158,80.982,183648
"2ej6iCFQWQDD7c1DE4lmGq","Eyes Closed","Curren$y",38,"4etacNWehEKEXR9fmFb9B2","Eyes Closed","2019-08-02","Gangster Rap","5joQabz9ys3XPGbSx5CaKv","rap","gangster rap",0.746,0.693,1,-6.522,0,0.146,0.307,7.87e-06,0.0921,0.672,83.527,138213
"0kntLHZ5xlkNLN6CWPetOK","Collapse - G-Unit Freestyle","G-Unit",0,"1YpEK4FrwMuJHhpCqvRuVg","Beg For Mercy","2003-01-01","Gangster Rap","5joQabz9ys3XPGbSx5CaKv","rap","gangster rap",0.467,0.57,9,-8.026,1,0.4,0.415,0,0.0779,0.434,174.95,97653
"6fjhjCbGxCJJtpyLmGhfYv","Professor the Teacher","Gyyps",32,"3Y1j0sQnLXPNKSd4VZcfsn","Professor the Teacher","2019-08-23","Gangster Rap","5joQabz9ys3XPGbSx5CaKv","rap","gangster rap",0.722,0.274,8,-11.067,1,0.166,0.565,3.3e-05,0.11,0.19,122.067,157377
"6gQaf0ANLks2uWl2AHhU26","Hate It Or Love It","The Game",47,"0sTdSeeY4Ubzoikhtm66JO","Hate It Or Love It","2005-01-01","Gangster Rap","5joQabz9ys3XPGbSx5CaKv","rap","gangster rap",0.796,0.782,9,-4.805,1,0.21,0.146,0,0.13,0.418,99.978,207440
"39SQnz9u6zd91nZdaPmmJK","Push It","Rick Ross",59,"42T8qfRs7jdpInsSk6nDJk","Port Of Miami","2006-01-01","Gangster Rap","5joQabz9ys3XPGbSx5CaKv","rap","gangster rap",0.66,0.765,7,-7.121,1,0.245,0.227,0,0.376,0.771,151.074,208600
"1OKPQF7iS8TVxY4gwvBZ3n","Poppin' Them Thangs","G-Unit",2,"41Ow8QFVL1VL8RIXLoXH9O","Beg For Mercy (Explicit Version)","2003-01-01","Gangster Rap","5joQabz9ys3XPGbSx5CaKv","rap","gangster rap",0.768,0.806,6,-1.406,0,0.195,0.261,0,0.0785,0.927,88.024,240800
"6yr8GiTHWvFfi4o6Q5ebdT","'Till I Collapse","Eminem",16,"1ftvBBcu7jYIvXyt3JWB8S","The Eminem Show","2002-05-26","Gangster Rap","5joQabz9ys3XPGbSx5CaKv","rap","gangster rap",0.551,0.851,1,-3.277,1,0.197,0.0748,0,0.0784,0.1,171.411,297893
"5yMZU1xolje7E1xGmezcuj","Cleanin' Out My Closet","Eminem",5,"1ftvBBcu7jYIvXyt3JWB8S","The Eminem Show","2002-05-26","Gangster Rap","5joQabz9ys3XPGbSx5CaKv","rap","gangster rap",0.908,0.762,9,-4.773,0,0.153,0.0658,0,0.104,0.869,148.016,297933
"2urL6rzs1bdZTtDGvPdYVt","BADU","Phay",27,"41TjRJ2rTbGJYZrsmBoQQW","MOUSA '03","2019-08-09","Gangster Rap","5joQabz9ys3XPGbSx5CaKv","rap","gangster rap",0.64,0.605,9,-8.263,0,0.184,0.419,0,0.121,0.201,99.775,175200
"1FvOiE8MGWB8MUCAPvro3h","Flowers","Jacob Tillberg",50,"6qUFkYctUITXkByoa80xbi","Flowers","2019-03-24","Gangster Rap","5joQabz9ys3XPGbSx5CaKv","rap","gangster rap",0.754,0.652,11,-4.924,0,0.0308,0.174,0,0.113,0.474,95.006,192013
"5VRxcsBgrwQj4naQHU2kM6","Westside Story","The Game",2,"0d0QL1mV66wpb9cBvCSF0G","The Documentary","2005","Gangster Rap","5joQabz9ys3XPGbSx5CaKv","rap","gangster rap",0.876,0.647,11,-3.917,1,0.28,0.16,0,0.238,0.961,86.993,223067
"0j5X6DrzkgY64Mm8NQp5mi","Lose Yourself - Soundtrack Version","Eminem",8,"5fOMATuYQp3StRe5ViADAH","Lose Yourself","2002-11-13","Gangster Rap","5joQabz9ys3XPGbSx5CaKv","rap","gangster rap",0.69,0.747,2,-4.583,1,0.264,0.00984,0.000685,0.355,0.0703,171.367,326640
"4j8rtQdkL8iXIgaraXjbs4","I Like The Way She Do It","G-Unit",0,"6UKTBg325wt2gMHF1STZdv","T.O.S. (Terminate On Sight)","2008-01-01","Gangster Rap","5joQabz9ys3XPGbSx5CaKv","rap","gangster rap",0.492,0.805,7,-5.425,1,0.329,0.01,0,0.272,0.264,93.694,232600
"1UcVr8cmBFNc7kcRPH7xWd","Boomin","Moosh & Twist",31,"5bHfRDNUGkDO7ZEgJt4tvF","Boomin","2019-08-02","Gangster Rap","5joQabz9ys3XPGbSx5CaKv","rap","gangster rap",0.825,0.541,10,-5.31,0,0.0599,0.0259,0,0.696,0.151,149.922,180113
"6m3blCKBMVimP5y8bTndD5","Outlaw","50 Cent",0,"0BBAu1NuiVvkE0dbCpPubB","Outlaw","2011-01-01","Gangster Rap","5joQabz9ys3XPGbSx5CaKv","rap","gangster rap",0.64,0.602,2,-7.311,1,0.391,0.0895,0,0.214,0.152,71.852,195907
"3fGn4vhiwSZB6SabYaol81","So Seductive","Tony Yayo",0,"3gOuJvWSrTYXjriX03riUY","Thoughts Of A Predicate Felon","2005-01-01","Gangster Rap","5joQabz9ys3XPGbSx5CaKv","rap","gangster rap",0.569,0.869,8,-3.351,1,0.215,0.216,0,0.0874,0.707,96.07,209862
"0Mr2nNmm3OH8QAT5UGOLbA","Low Low","Kuda",37,"0owy50A3qREV1vbXYiRsys","Low Low","2019-03-21","Gangster Rap","5joQabz9ys3XPGbSx5CaKv","rap","gangster rap",0.81,0.652,8,-10.595,1,0.186,0.0943,0.000502,0.105,0.607,160.114,218250
"0Zh5U48tZNeAzzLTV1CVBE","Forgot About Dre","Dr. Dre",16,"5csXMdS69VOvh8MjyfwkjB","2001 (Explicit Version)","1999-01-01","Gangster Rap","5joQabz9ys3XPGbSx5CaKv","rap","gangster rap",0.925,0.737,8,-1.292,1,0.0777,0.092,0,0.169,0.603,133.946,222240
"6zTfkjNNQKcGfjJa5cKTkq","I Just Wanna Say","Weisser Quiff",45,"5orNpgMLNHbo1tnTvdJ24w","I Just Wanna Say","2019-04-10","Gangster Rap","5joQabz9ys3XPGbSx5CaKv","rap","gangster rap",0.669,0.8,3,-5.609,1,0.117,0.358,0,0.241,0.179,105.052,170310
"6nNohJa7K4Q5ZRrqCndzph","Alive","Flamma",30,"1oez4m7OEqazWhYFdmOVNk","Rise","2019-11-30","Gangster Rap","5joQabz9ys3XPGbSx5CaKv","rap","gangster rap",0.694,0.629,6,-8.928,1,0.143,0.0894,4.05e-06,0.131,0.618,140.053,209514
"0gDh8XfKdq9of5fxuyayq2","Crime Wave","50 Cent",0,"38fohN3vTyQ12wwbyF2CsU","Before I Self-Destruct","2009-01-01","Gangster Rap","5joQabz9ys3XPGbSx5CaKv","rap","gangster rap",0.675,0.897,9,-2.365,1,0.0841,0.000513,0,0.25,0.648,106.922,224533
"5OY8EtE7tt2nM4c0oxhJY8","Fight Music","D12",4,"1goTTgn8yBzKNOCocQcMQy","Devils Night","2001-01-01","Gangster Rap","5joQabz9ys3XPGbSx5CaKv","rap","gangster rap",0.75,0.849,0,-3.097,1,0.264,0.0803,0,0.333,0.771,89.501,261093
"3otXXK647gcQHcy6Mu5aGy","Racks","YUCIFER",36,"3aN2F6q2YUGKuK2Gqffre4","Racks","2019-12-19","Gangster Rap","5joQabz9ys3XPGbSx5CaKv","rap","gangster rap",0.731,0.877,10,-3.711,0,0.0642,0.356,0.0782,0.0559,0.576,165.161,136727
"5N4av3FvMyJcMRsjnx5TYk","Keep It on Me","Dewey da Don",27,"3OjSQYLnhX93oUNvvXTGiq","Blacktop Baby","2019-11-15","Gangster Rap","5joQabz9ys3XPGbSx5CaKv","rap","gangster rap",0.55,0.793,10,-11.84,1,0.877,0.106,0,0.0465,0.494,86.741,154926
"3PDO7rJONWwJBcYEwC7GVb","Can You Spit?","NJayC",35,"1vLagTg8niJV2TAeVecAIr","Now You Know","2019-12-10","Gangster Rap","5joQabz9ys3XPGbSx5CaKv","rap","gangster rap",0.478,0.561,5,-11.307,0,0.264,0.000422,0.000194,0.277,0.258,82.337,165787
"2Gnif8YLgt23hXwF9bJaOL","Do You Think About Me","50 Cent",0,"38fohN3vTyQ12wwbyF2CsU","Before I Self-Destruct","2009-01-01","Gangster Rap","5joQabz9ys3XPGbSx5CaKv","rap","gangster rap",0.591,0.822,8,-4,1,0.26,0.00715,0.000196,0.147,0.27,94.159,206893
"3SdWlGRIuwSeD7F5BychVN","Shark Tank","Rob Level",43,"1gr6m3NyoVIjjIiERgdouB","Shark Tank","2019-11-28","Gangster Rap","5joQabz9ys3XPGbSx5CaKv","rap","gangster rap",0.894,0.657,2,-9.086,1,0.284,0.103,0,0.0806,0.906,150.088,169600
"3eBBnzuWOSFYVTj8xnRqQx","Skyline","J. Loree",28,"7t8ewLAiW5vz25pjhevG6V","Skyline","2019-12-20","Gangster Rap","5joQabz9ys3XPGbSx5CaKv","rap","gangster rap",0.822,0.654,1,-7.241,1,0.221,0.404,2.04e-06,0.115,0.452,100.033,163200
"6C781pluv3BPxGHHCUJNYc","Patiently Waiting","50 Cent",63,"5G5rgQHzdQnw32SI0WjIo5","Get Rich Or Die Tryin'","2003-02-06","Gangster Rap","5joQabz9ys3XPGbSx5CaKv","rap","gangster rap",0.738,0.674,1,-2.299,1,0.28,0.275,0,0.344,0.575,78.929,288867
"2JlNSTfEJzX8JrMA3q5AB8","Dead or Alive","J. Loree",23,"1LhMkkJbidWxh1SBZs0TNR","Dead or Alive","2019-11-08","Gangster Rap","5joQabz9ys3XPGbSx5CaKv","rap","gangster rap",0.687,0.719,10,-8.506,0,0.356,0.0535,0,0.139,0.722,78.85,220000
"6zAg9sjgtmbVdRJ7S0YeYh","Beg For Mercy","G-Unit",0,"41Ow8QFVL1VL8RIXLoXH9O","Beg For Mercy (Explicit Version)","2003-01-01","Gangster Rap","5joQabz9ys3XPGbSx5CaKv","rap","gangster rap",0.611,0.794,2,-3.466,1,0.349,0.0302,0,0.338,0.837,97.558,158907
"07KHJvlYBeQVqrmifTEqEp","Dream On","Aerosmith",61,"0YlgzYfI3a1OrGBBN0wWTG","The Essential Aerosmith","2011-09-13","Classic Rock","5BygwTQ3OrbiwVsQhXFHMz","rock","classic rock",0.412,0.528,1,-6.613,1,0.0259,0.298,5.03e-05,0.332,0.175,79.962,265093
"2Cdvbe2G4hZsnhNMKyGrie","I Love Rock 'N Roll","Joan Jett & The Blackhearts",72,"555qwe1qUgLdee80TZ2CQt","I Love Rock 'N' Roll (Expanded Edition)","1981-11-18","Classic Rock","5BygwTQ3OrbiwVsQhXFHMz","rock","classic rock",0.535,0.716,4,-5.025,1,0.0431,0.326,0,0.659,0.901,94.379,175173
"0qRR9d89hIS0MHRkQ0ejxX","Rich Girl","Daryl Hall & John Oates",70,"5TNzBp7QYsXIHrI5xxVuic","Bigger Than Both Of Us","1976-08-01","Classic Rock","5BygwTQ3OrbiwVsQhXFHMz","rock","classic rock",0.573,0.683,5,-6.644,1,0.176,0.461,0,0.0935,0.817,169.519,142787
"77NNZQSqzLNqh2A9JhLRkg","Don't Stop Believin'","Journey",74,"5pfpXvoJtSIFrbPIoBEv3R","The Essential Journey","2001-09-19","Classic Rock","5BygwTQ3OrbiwVsQhXFHMz","rock","classic rock",0.491,0.802,4,-7.106,1,0.0392,0.25,0,0.387,0.472,119.25,248907
"7xdLNxZCtY68x5MAOBEmBq","All Along the Watchtower","Jimi Hendrix",57,"2vfiwvlxOBNBohRXfvlMtY","Experience Hendrix: The Best Of Jimi Hendrix","1997-09-16","Classic Rock","5BygwTQ3OrbiwVsQhXFHMz","rock","classic rock",0.429,0.812,8,-6.252,1,0.0657,0.00282,2.44e-05,0.0882,0.625,113.279,238627
"6QewNVIDKdSl8Y3ycuHIei","Even Flow","Pearl Jam",75,"5B4PYA7wNN4WdEXdIJu58a","Ten","1991-08-27","Classic Rock","5BygwTQ3OrbiwVsQhXFHMz","rock","classic rock",0.394,0.944,10,-6.506,0,0.0761,0.00178,4.54e-06,0.298,0.265,105.338,292581
"7dQC53NiYOY9gKg3Qsu2Bs","All Out of Love","Air Supply",67,"3fB2z5YtmKvSCu77Z3nTnW","Lost in Love","1980-02-25","Classic Rock","5BygwTQ3OrbiwVsQhXFHMz","rock","classic rock",0.512,0.262,0,-16.875,1,0.0276,0.313,5.51e-06,0.456,0.357,108.381,243000
"5sMIFZaagXcwKiSfl95zIW","Carry On Wayward Son","Kansas",55,"6snBRWjoKga2RVZdQRoGvI","OCC ROCKS","2009-10-27","Classic Rock","5BygwTQ3OrbiwVsQhXFHMz","rock","classic rock",0.406,0.683,0,-6.593,1,0.0327,0.00199,1.29e-05,0.383,0.821,126.737,205667
"0C4bx13JIMSWOAxd8TaoVq","Under the Graveyard","Ozzy Osbourne",71,"2Kv2WwhJr6cudEIrzxPqXD","Under the Graveyard","2019-11-08","Classic Rock","5BygwTQ3OrbiwVsQhXFHMz","rock","classic rock",0.496,0.88,1,-2.242,0,0.0359,0.00151,2.92e-05,0.0592,0.148,140.009,297682
"1Cr0L9EsOePPOAoXRTxo1p","Hold the Line","TOTO",49,"5ChYBNgy8o2ps5716s1GH2","Greatest Hits: 40 Trips Around The Sun","2018-02-09","Classic Rock","5BygwTQ3OrbiwVsQhXFHMz","rock","classic rock",0.478,0.876,6,-5.669,0,0.0568,0.00812,0.064,0.167,0.78,145.225,235480
"395C2pn0PdOYPzM4B1jLoO","Sex on Fire","Kings of Leon",12,"3zcaaeSOpOZJyxoQF9rPXU","Sex on Fire","2008-08-11","Classic Rock","5BygwTQ3OrbiwVsQhXFHMz","rock","classic rock",0.544,0.903,9,-5.651,1,0.0545,0.00166,0.00632,0.1,0.432,153.629,204587
"64UioB4Nmwgn2f4cbIpAkl","It's Still Rock and Roll to Me","Billy Joel",66,"5sztejERqpktXEdemlUvU5","Glass Houses","1980-03-12","Classic Rock","5BygwTQ3OrbiwVsQhXFHMz","rock","classic rock",0.752,0.684,0,-7.599,1,0.15,0.0994,0,0.0897,0.539,141.075,176440
"6QZo2TgclkUMwJgggi8QSQ","Africa","TOTO",50,"5ChYBNgy8o2ps5716s1GH2","Greatest Hits: 40 Trips Around The Sun","2018-02-09","Classic Rock","5BygwTQ3OrbiwVsQhXFHMz","rock","classic rock",0.682,0.584,9,-9.507,1,0.031,0.182,0.000107,0.0468,0.709,92.793,295347
"72ahyckBJfTigJCFCviVN7","Don't Bring Me Down","Electric Light Orchestra",70,"1CvVSn2MtKDBR6aWMkNkem","Discovery","1979-05-31","Classic Rock","5BygwTQ3OrbiwVsQhXFHMz","rock","classic rock",0.638,0.867,2,-6.469,1,0.0331,0.144,0.000733,0.0846,0.805,115.692,243373
"29AqPjeqZcXpGvdxLchZoP","American Girl","Tom Petty and the Heartbreakers",5,"2uxG4gg4WnqR5eriMN6ehS","Greatest Hits","2010-01-01","Classic Rock","5BygwTQ3OrbiwVsQhXFHMz","rock","classic rock",0.557,0.733,2,-8.106,1,0.0325,0.457,9.04e-05,0.347,0.824,114.382,210453
"5OQsiBsky2k2kDKy2bX2eT","Learn to Fly","Foo Fighters",73,"28q2N44ocJECgf8sbHEDfY","There Is Nothing Left To Lose","1999-11-02","Classic Rock","5BygwTQ3OrbiwVsQhXFHMz","rock","classic rock",0.465,0.919,4,-4.025,1,0.0408,1.83e-05,2.07e-05,0.262,0.537,135.997,235293
"1QEEqeFIZktqIpPI4jSVSF","More Than a Feeling","Boston",78,"2QLp07RO6anZHmtcKTEvSC","Boston","1976","Classic Rock","5BygwTQ3OrbiwVsQhXFHMz","rock","classic rock",0.377,0.682,7,-8.039,1,0.0299,0.000894,0.00217,0.0504,0.288,108.736,285133
"6NTqBHONQqmud0ONBzsLfZ","(Don't Fear) The Reaper","Blue Öyster Cult",7,"6YOzCPyuPC92Eg44ag564g","Agents of Fortune","1976","Classic Rock","5BygwTQ3OrbiwVsQhXFHMz","rock","classic rock",0.368,0.928,9,-8.369,0,0.0593,0.00125,0.00111,0.301,0.532,141.175,308440
"52MmMUuyjO64Y1EiF7Y8KH","Free Ride","The Edgar Winter Group",46,"3a27WqEqhsikCfuxVSq2vW","The Essential Edgar Winter","2014-10-24","Classic Rock","5BygwTQ3OrbiwVsQhXFHMz","rock","classic rock",0.688,0.739,9,-9.526,1,0.0744,0.321,0.011,0.174,0.77,124.065,188880
"669cOBjpY4Y5O98Nmk6139","Surrender","Cheap Trick",48,"37P9MBdJRekfOIbPSX9alR","The Essential Cheap Trick","2004-03-02","Classic Rock","5BygwTQ3OrbiwVsQhXFHMz","rock","classic rock",0.524,0.953,0,-7.097,1,0.0416,0.00757,5.02e-06,0.771,0.869,133.828,253827
"6qd8ZujxMAQXQeVuQBFHTZ","Rebel Rebel - Remastered","David Bowie",45,"3nSP0MJ9XyYZjCRowFaUbo","Legacy (Deluxe Edition)","2016-11-11","Classic Rock","5BygwTQ3OrbiwVsQhXFHMz","rock","classic rock",0.626,0.889,6,-9.456,0,0.053,0.0178,0,0.191,0.499,126.074,270027
"6RXBjCDKM6vAGiX4ojUD1E","Cover Me","Bruce Springsteen",5,"14IYDXybb1XKu51QHDryak","Born In The U.S.A.","1984","Classic Rock","5BygwTQ3OrbiwVsQhXFHMz","rock","classic rock",0.517,0.776,9,-11.476,0,0.052,0.0198,0.00066,0.0851,0.82,120.571,208240
"0sgDEFq9oeC8ueOK0mR5IA","Working for the Weekend","Loverboy",12,"5NwluvA7kQLbxKOtXqkY1m","We Are The '80s","2006","Classic Rock","5BygwTQ3OrbiwVsQhXFHMz","rock","classic rock",0.526,0.924,7,-5.591,1,0.0391,0.027,0.000728,0.598,0.793,147.28,220707
"6NdcSEhpGGAYXNnnhGS2s6","What I Like About You","The Romantics",66,"5ZwUOFZdWQ81RYMwXc4j3B","What I Like About You (And Other Romantic Hits)","1990","Classic Rock","5BygwTQ3OrbiwVsQhXFHMz","rock","classic rock",0.542,0.915,9,-9.637,1,0.0549,0.319,5.34e-05,0.171,0.92,159.81,175400
"5YxEnjsmZ7evSmOFaRuvRt","Two Tickets To Paradise","Eddie Money",45,"24WAUPqhxqUbdbcRDHQ8Yr","The Essential Eddie Money","1977","Classic Rock","5BygwTQ3OrbiwVsQhXFHMz","rock","classic rock",0.61,0.838,2,-8.616,1,0.0301,0.102,6.14e-05,0.111,0.693,129.583,237000
"5tmrnhMxx39jnu3kjopMdP","Evil Ways","Santana",60,"2hQwyoPiM1G9iLWkXqC2Hu","Santana (Legacy Edition)","1969","Classic Rock","5BygwTQ3OrbiwVsQhXFHMz","rock","classic rock",0.704,0.528,5,-13.382,1,0.0358,0.22,0.35,0.14,0.73,117.472,238267
"1oT20g6f8rvymheUIdFr19","Pride and Joy","Stevie Ray Vaughan",57,"1cBgyEhogUvaKVgsdczgHm","The Real Deal: Greatest Hits Volume 1","2006","Classic Rock","5BygwTQ3OrbiwVsQhXFHMz","rock","classic rock",0.426,0.693,8,-9.759,1,0.0377,0.0251,0.0065,0.101,0.751,126.804,219840
"24NwBd5vZ2CK8VOQVnqdxr","Sweet Emotion","Aerosmith",73,"36IxIOGEBAXVozDSiVs09B","Toys In The Attic","1975-04-08","Classic Rock","5BygwTQ3OrbiwVsQhXFHMz","rock","classic rock",0.38,0.76,9,-10.961,1,0.0378,0.00298,0.0294,0.104,0.491,99.437,274133
"1hKdDCpiI9mqz1jVHRKG0E","Enter Sandman","Metallica",23,"37lWyRxkf3wQHCOlXM5WfX","Metallica","1991-08-12","Classic Rock","5BygwTQ3OrbiwVsQhXFHMz","rock","classic rock",0.579,0.824,6,-8.71,0,0.03,0.00206,0.00903,0.059,0.635,123.331,331573
"1xOXXYh6lTW8laxlW7JP2J","Only the Good Die Young","Billy Joel",64,"1Mhn9VosyjtWn4dMPFlna6","The Stranger (Legacy Edition)","1977","Classic Rock","5BygwTQ3OrbiwVsQhXFHMz","rock","classic rock",0.579,0.872,0,-6.126,1,0.159,0.159,0,0.0935,0.761,76.214,235560
"2RlgNHKcydI9sayD2Df2xp","Mr. Blue Sky","Electric Light Orchestra",79,"3usnShwygMXVZB4IV5dwnU","Out of the Blue","1977","Classic Rock","5BygwTQ3OrbiwVsQhXFHMz","rock","classic rock",0.388,0.338,10,-10.054,1,0.0328,0.652,3.72e-06,0.248,0.477,177.784,303373
"7CR06UPgZvsd2Y3MNjIVnA","Keep on Loving You","REO Speedwagon",49,"3Fl6azxdrXD55nmaBmSMbn","The Essential REO Speedwagon","2004","Classic Rock","5BygwTQ3OrbiwVsQhXFHMz","rock","classic rock",0.316,0.739,0,-5.843,1,0.0338,0.036,0,0.187,0.371,174.903,201240
"1L94M3KIu7QluZe63g64rv","Alive","Pearl Jam",75,"5B4PYA7wNN4WdEXdIJu58a","Ten","1991-08-27","Classic Rock","5BygwTQ3OrbiwVsQhXFHMz","rock","classic rock",0.284,0.875,11,-6.069,0,0.0422,0.00752,0.000461,0.402,0.595,75.009,340907
"4KfSdst7rW39C0sfhArdrz","Barracuda","Heart",73,"1LaeNhiUpL3X6N0LcFvuDF","Little Queen","1977-05-14","Classic Rock","5BygwTQ3OrbiwVsQhXFHMz","rock","classic rock",0.547,0.691,4,-13.553,0,0.0369,0.015,0.105,0.144,0.667,137.148,261933
"7D04SIiYAZq6Kpc4qFhBKY","Use Somebody","Kings of Leon",48,"0LplRIGNE4ds9AmJ6w0qXa","Mother's Day Songs","2018-03-02","Classic Rock","5BygwTQ3OrbiwVsQhXFHMz","rock","classic rock",0.266,0.756,0,-5.386,1,0.0464,0.00313,0.000192,0.154,0.16,137.102,231093
"57bgtoPSgt236HzfBOd8kj","Thunderstruck","AC/DC",81,"4vu7F6h90Br1ZtYYaqfITy","The Razors Edge","1990-09-24","Classic Rock","5BygwTQ3OrbiwVsQhXFHMz","rock","classic rock",0.501,0.889,4,-5.175,1,0.0364,0.000147,0.0114,0.217,0.257,133.519,292880
"2b9lp5A6CqSzwOrBfAFhof","Crazy Train","Ozzy Osbourne",77,"6aGfK3YpRxZ1rJfaNRckLH","Blizzard of Ozz (Expanded Edition)","1980-09-20","Classic Rock","5BygwTQ3OrbiwVsQhXFHMz","rock","classic rock",0.453,0.906,9,-4.001,1,0.115,0.361,0.000569,0.26,0.473,137.575,296200
"0wJoRiX5K5BxlqZTolB2LD","Purple Haze","Jimi Hendrix",71,"7rSZXXHHvIhF4yUFdaOCy9","Are You Experienced","1967-05-12","Classic Rock","5BygwTQ3OrbiwVsQhXFHMz","rock","classic rock",0.533,0.905,2,-5.27,1,0.0754,0.00876,0.578,0.0698,0.486,108.9,170813
"5SZ6zX4rOrEQferfFC2MfP","Walk This Way","Aerosmith",72,"36IxIOGEBAXVozDSiVs09B","Toys In The Attic","1975-04-08","Classic Rock","5BygwTQ3OrbiwVsQhXFHMz","rock","classic rock",0.653,0.73,5,-10.613,1,0.043,0.0114,1.03e-05,0.0754,0.894,108.705,220400
"5p3JunprHCxClJjOmcLV8G","Walk On the Wild Side","Lou Reed",74,"5SqbMEyAt8332ISGiLX0St","Transformer","1972-12-01","Classic Rock","5BygwTQ3OrbiwVsQhXFHMz","rock","classic rock",0.575,0.318,0,-16.729,1,0.109,0.683,0.000202,0.0934,0.385,104.522,254173
"7FwBtcecmlpc1sLySPXeGE","Dancing In the Dark","Bruce Springsteen",76,"0PMasrHdpaoIRuHuhHp72O","Born In The U.S.A.","1984-06-04","Classic Rock","5BygwTQ3OrbiwVsQhXFHMz","rock","classic rock",0.527,0.942,1,-5.64,0,0.0366,0.0115,0,0.188,0.495,148.723,241307
"7b4yGtR0rujvLi5EBfKKJ2","Take Me Home Tonight","Eddie Money",67,"2gLYQmHLHZhNpTxlnlkXy7","Can't Hold Back","1986-10-15","Classic Rock","5BygwTQ3OrbiwVsQhXFHMz","rock","classic rock",0.608,0.768,1,-9.911,1,0.0364,0.101,1.41e-06,0.0942,0.748,132.699,211160
"5u5qlnyVaewWugJIjzilIc","Smokin'","Boston",62,"2QLp07RO6anZHmtcKTEvSC","Boston","1976","Classic Rock","5BygwTQ3OrbiwVsQhXFHMz","rock","classic rock",0.197,0.798,2,-7.334,1,0.0656,0.000545,0.414,0.187,0.525,175.068,261387
"6hnCx2jmD0RPkbtzUXSBn4","I Want You to Want Me - Live at Nippon Budokan, Tokyo, JPN - April 1978","Cheap Trick",51,"37P9MBdJRekfOIbPSX9alR","The Essential Cheap Trick","2004-03-02","Classic Rock","5BygwTQ3OrbiwVsQhXFHMz","rock","classic rock",0.338,0.887,2,-8.873,1,0.0438,0.00962,0.011,0.556,0.399,206.255,223667
"4o6BgsqLIBViaGVbx5rbRk","You Make My Dreams","Daryl Hall & John Oates",77,"4LniALl9S6YedTFdiZWOMS","Voices","1980","Classic Rock","5BygwTQ3OrbiwVsQhXFHMz","rock","classic rock",0.751,0.501,5,-12.151,1,0.0552,0.234,0.112,0.0467,0.902,167.058,190627
"1pwE0jB6MTtTWx8fzqriAj","Bohemian Rhapsody - 2011 Remaster","Queen",9,"6VAFbY1kcBF748xSyyisxY","Greatest Hits (2011 Remaster)","1981-10-26","Classic Rock","5BygwTQ3OrbiwVsQhXFHMz","rock","classic rock",0.392,0.398,0,-9.973,0,0.0515,0.256,0,0.195,0.236,143.587,355467
"0WNGPpmWqzPnk0psUhJ3SX","All the Young Dudes","Mott The Hoople",62,"3LdlOZcV0dp7ePBXe2KAGa","All The Young Dudes (Expanded Edition)","1972","Classic Rock","5BygwTQ3OrbiwVsQhXFHMz","rock","classic rock",0.429,0.668,4,-7.539,0,0.044,0.208,0,0.538,0.398,77.737,211067
"3JbE6e17yvNdPggjPDrCyO","Lola - Live at Providence Civic Center, Providence, RI - September 1979","The Kinks",51,"0siomtYa15lZBHSI66bNfP","One for the Road (Live)","1980-06-04","Classic Rock","5BygwTQ3OrbiwVsQhXFHMz","rock","classic rock",0.488,0.777,9,-12.658,1,0.0894,0.153,0.0312,0.825,0.481,81.437,287333
"1CtAzw53AIXKjAemxy4b1j","Beds Are Burning - Remastered","Midnight Oil",65,"243XzHQegX82bPnUVQ0SPV","Diesel And Dust","1987-10-02","Classic Rock","5BygwTQ3OrbiwVsQhXFHMz","rock","classic rock",0.753,0.427,0,-11.112,1,0.0387,0.00787,0.00065,0.058,0.295,119.18,255680
"71SvEDmsOwIWw1IozsZoMA","Any Way You Want It","Journey",71,"2OyVtIEp7O7a6o82DF4Ba5","Departure","1980","Classic Rock","5BygwTQ3OrbiwVsQhXFHMz","rock","classic rock",0.529,0.932,7,-7.501,1,0.0488,0.00251,0.00109,0.136,0.571,138.158,201693
"4oDZ5L8izBals6jKBJDBcX","Your Love","The Outfield",71,"2d5GU9ms5JCSS9GjsFebu8","Play Deep","1985-06-29","Classic Rock","5BygwTQ3OrbiwVsQhXFHMz","rock","classic rock",0.579,0.654,1,-12.421,0,0.0553,0.121,3.62e-06,0.0673,0.616,129.537,216467
"6ITuEsxEy2qPhqMowdDAeI","Train in Vain - Remastered","The Clash",64,"6FCzvataOZh68j8OKzOt9a","London Calling (Remastered)","1979","Classic Rock","5BygwTQ3OrbiwVsQhXFHMz","rock","classic rock",0.761,0.722,2,-8.712,1,0.0428,0.0922,0.000366,0.132,0.966,122.764,194667
"70C4NyhjD5OZUMzvWZ3njJ","Piano Man","Billy Joel",74,"69wjSAZXZiD2EBia3b3gxL","Piano Man (Legacy Edition)","1973-11-07","Classic Rock","5BygwTQ3OrbiwVsQhXFHMz","rock","classic rock",0.331,0.55,0,-6.483,1,0.0272,0.605,3.96e-06,0.192,0.429,177.734,339000
"4nmne9J3YCEdhvjTzwiAgu","Black Magic Woman","Santana",61,"6FbFvnlSfEoNhwz5MdK0Dx","Ultimate Santana","2007-09-25","Classic Rock","5BygwTQ3OrbiwVsQhXFHMz","rock","classic rock",0.497,0.552,9,-7.102,0,0.0307,0.679,0.0314,0.089,0.633,124.359,195867
"2hdNya0b6Cc2YJ8IyaQIWp","Livin' Thing","Electric Light Orchestra",69,"7a35UzxXYuKQGMGImyB0Un","A New World Record","1976-09-01","Classic Rock","5BygwTQ3OrbiwVsQhXFHMz","rock","classic rock",0.549,0.651,0,-7.097,1,0.0323,0.583,0,0.121,0.368,122.818,212307
"5yEwEUGYpCWsSOC0rm8gFJ","Lido Shuffle","Boz Scaggs",43,"5uniuttzg7zsjDvqmvvyDU","Hits!","2006","Classic Rock","5BygwTQ3OrbiwVsQhXFHMz","rock","classic rock",0.59,0.785,10,-4.728,1,0.0341,0.0172,0.000215,0.114,0.674,141.18,223520
"34x6hEJgGAOQvmlMql5Ige","Danger Zone - From ""Top Gun"" Original Soundtrack","Kenny Loggins",71,"3uN87hwClF0hult2cxMbAW","Yesterday, Today, Tomorrow - The Greatest Hits Of Kenny Loggins","1997-03-25","Classic Rock","5BygwTQ3OrbiwVsQhXFHMz","rock","classic rock",0.544,0.897,3,-6.056,0,0.0471,0.241,0,0.13,0.647,157.17,215133
"3clIHVzJ9J2rvvrFUKLICo","She Bangs the Drums - Remastered","The Stone Roses",61,"0um9FI6BLBldL5POP4D4Cw","The Stone Roses","1989-05-02","Classic Rock","5BygwTQ3OrbiwVsQhXFHMz","rock","classic rock",0.34,0.976,9,-4.782,1,0.0912,0.00649,0.00643,0.123,0.669,144.737,232333
"44M6Wd0vAzN9khoCQSR6ji","Where The Streets Have No Name - Single Edit","U2",3,"63H9TkIAOEmgFAIlhLcBHb","The Best Of 1980 - 1990","1998-10-21","Classic Rock","5BygwTQ3OrbiwVsQhXFHMz","rock","classic rock",0.504,0.857,2,-6.014,1,0.0379,0.0119,0.00653,0.13,0.354,125.636,276132
"5UWwZ5lm5PKu6eKsHAGxOk","Everlong","Foo Fighters",77,"30ly6F6Xl0TKmyBCU50Khv","The Colour And The Shape","1997-05-20","Classic Rock","5BygwTQ3OrbiwVsQhXFHMz","rock","classic rock",0.412,0.882,11,-5.54,0,0.0369,5.96e-05,0.00031,0.0805,0.356,158.066,250547
"4xh7W7tlNMIczFhupCPniY","Go Your Own Way - 2004 Remaster","Fleetwood Mac",73,"0BwWUstDMUbgq2NYONRqlu","Rumours (Super Deluxe)","1977-02-04","Classic Rock","5BygwTQ3OrbiwVsQhXFHMz","rock","classic rock",0.586,0.941,5,-5.139,1,0.0375,0.0167,0.000776,0.068,0.831,135.448,223613
"3EM42kT3ARiZJhXJPoFaZe","Heroes - Single Version [Remastered]","David Bowie",43,"3nSP0MJ9XyYZjCRowFaUbo","Legacy (Deluxe Edition)","2016-11-11","Classic Rock","5BygwTQ3OrbiwVsQhXFHMz","rock","classic rock",0.502,0.681,7,-8.263,1,0.0276,0.016,0.107,0.102,0.584,112.16,213813
"3ycOJKN5U4l1nLPM5IYJh6","Tom Sawyer","Rush",3,"67mMlxQ4xQ9PGVDR9dYu5I","Moving Pictures","1981-02-12","Classic Rock","5BygwTQ3OrbiwVsQhXFHMz","rock","classic rock",0.535,0.863,9,-7.937,1,0.0369,0.00126,0.0175,0.191,0.578,87.599,273893
"3YuaBvuZqcwN3CEAyyoaei","Like a Stone","Audioslave",75,"78guAsers0klWl6RwzgDLd","Audioslave","2002-11-17","Classic Rock","5BygwTQ3OrbiwVsQhXFHMz","rock","classic rock",0.614,0.568,7,-5.477,0,0.0276,0.00797,0,0.0997,0.516,107.849,293960
"4sQdW03IQh3tsZeBELdt5G","Foxey Lady","Jimi Hendrix",46,"719ELjvRzp0lHiLyAuAGj3","Are You Experienced","1967-05-12","Classic Rock","5BygwTQ3OrbiwVsQhXFHMz","rock","classic rock",0.507,0.851,4,-5.995,1,0.0386,0.0612,0.157,0.371,0.587,98.061,199187
"1xKQbqQtQWrtQS47fUJBtl","Piece of My Heart","Big Brother & The Holding Company",67,"2rogKfOpmCFuqNhtGKf2dX","Cheap Thrills","1968-08-12","Classic Rock","5BygwTQ3OrbiwVsQhXFHMz","rock","classic rock",0.443,0.727,4,-7.951,1,0.145,0.263,0.000141,0.169,0.566,160.82,253333
"4X1LS2LEYxKdlvHq5oZesi","Sweet Home Alabama","Lynyrd Skynyrd",14,"7Mwqh8hDH11m3niZPzKIIC","Lynyrd Skynyrd - Rock Legends","2007-11-02","Classic Rock","5BygwTQ3OrbiwVsQhXFHMz","rock","classic rock",0.58,0.634,7,-11.058,1,0.0252,0.145,0.000984,0.329,0.935,97.919,285347
"2BY7ALEWdloFHgQZG6VMLA","Brandy (You're a Fine Girl)","Looking Glass",72,"5ThwnbpYrk9R1xXkAGCLIs","Looking Glass","1972","Classic Rock","5BygwTQ3OrbiwVsQhXFHMz","rock","classic rock",0.715,0.625,1,-11.369,0,0.0601,0.396,1.95e-05,0.134,0.826,125.275,186827
"3fkPMWQ6cBNBLuFcPyMS8s","Burnin' for You","Blue Öyster Cult",67,"7v4kEpVtppoMm80m43lGzt","Fire of Unknown Origin","1981-10-23","Classic Rock","5BygwTQ3OrbiwVsQhXFHMz","rock","classic rock",0.532,0.728,9,-9.079,0,0.0352,0.106,0.0108,0.0849,0.69,134.303,271000
"5RsUlxLto4NZbhJpqJbHfN","Jessie's Girl","Rick Springfield",70,"4KKFWTePKtgb6mOwFDqxYa","Working Class Dog","1981","Classic Rock","5BygwTQ3OrbiwVsQhXFHMz","rock","classic rock",0.727,0.832,2,-5.851,1,0.05,0.164,0,0.105,0.822,131.703,194120
"4vO9dmzNRqDhFY3jD1a3P7","Mississippi Queen","Mountain",68,"2tWvZmP9EVRYqmWyJPLzjP","Climbing!","1970","Classic Rock","5BygwTQ3OrbiwVsQhXFHMz","rock","classic rock",0.58,0.624,9,-8.346,1,0.0784,0.0975,0,0.0411,0.639,139.72,151293
"07ANB9prOyNTWnMbDGNzdW","Fortunate Son","Creedence Clearwater Revival",1,"4V56hbkzJHgxfJfc0vpue7","The Long Road Home - The Ultimate John Fogerty - Creedance Collection","2005-01-01","Classic Rock","5BygwTQ3OrbiwVsQhXFHMz","rock","classic rock",0.634,0.762,0,-3.917,1,0.0393,0.0562,0.244,0.192,0.427,132.539,138053
"0SvfyHYDp2uIsHt53LDlI9","Cat Scratch Fever","Ted Nugent",58,"5vndJ1bTQkvu3HZaJjgomB","Cat Scratch Fever","1977-04-12","Classic Rock","5BygwTQ3OrbiwVsQhXFHMz","rock","classic rock",0.549,0.916,4,-4.185,0,0.034,0.0049,0.123,0.104,0.632,127.131,219400
"32qR2DcQRSJ6G2s8SC16oP","Honky Tonk Women","The Rolling Stones",2,"0jAfOGDsl1wW8NUA2djMPy","Rolled Gold +","1975-11-06","Classic Rock","5BygwTQ3OrbiwVsQhXFHMz","rock","classic rock",0.558,0.683,7,-9.868,1,0.0585,0.353,0.0171,0.111,0.966,120.169,179200
"5LPGZnsy07YNxeuTI1X3RT","American Woman - 7"" Version","The Guess Who",53,"049pDJuLOtgEpo1buRzScg","Platinum & Gold Collection","2003-05-06","Classic Rock","5BygwTQ3OrbiwVsQhXFHMz","rock","classic rock",0.538,0.841,9,-7.547,1,0.0375,0.0424,0.00178,0.312,0.881,93.077,231640
"1K89oHPxT4wRg5ocaDLq3J","Starman - Single Mix","David Bowie",43,"3nSP0MJ9XyYZjCRowFaUbo","Legacy (Deluxe Edition)","2016-11-11","Classic Rock","5BygwTQ3OrbiwVsQhXFHMz","rock","classic rock",0.307,0.429,5,-11.054,1,0.0333,0.211,0,0.391,0.582,199.787,254720
"23aXhG2x664ZNxtgU7gjzE","Another One Bites the Dust / All Right Now","Genital Motors",42,"2npNuqL4GOLPC4OrinHxdg","Another One Bites All the Voodoo Dust Right Now, Child!","2019-02-20","Classic Rock","5BygwTQ3OrbiwVsQhXFHMz","rock","classic rock",0.75,0.651,2,-5.247,1,0.0461,0.128,2.58e-06,0.183,0.694,115.015,250105
"6mFkJmJqdDVQ1REhVfGgd1","Wish You Were Here","Pink Floyd",76,"0bCAjiUamIFqKJsekOYuRw","Wish You Were Here","1975-09-12","Classic Rock","5BygwTQ3OrbiwVsQhXFHMz","rock","classic rock",0.481,0.262,7,-15.73,1,0.0414,0.735,0.0114,0.832,0.375,122.883,334744
"2HHtWyy5CgaQbC7XSoOb0e","Eye of the Tiger","Survivor",72,"4PT9VulQaQP6XR1xBI2x1W","Eye Of The Tiger","1982","Classic Rock","5BygwTQ3OrbiwVsQhXFHMz","rock","classic rock",0.815,0.438,0,-14.522,0,0.0346,0.216,0.000466,0.0787,0.552,108.965,243773
"4ECNtOnqzxutZkXP4TE3n3","Separate Ways (Worlds Apart)","Journey",67,"2EFUNYmwxe0AOGxBORrfaw","Frontiers","1983-02-01","Classic Rock","5BygwTQ3OrbiwVsQhXFHMz","rock","classic rock",0.451,0.962,0,-3.947,1,0.0734,0.0188,3.17e-06,0.277,0.377,131.435,323707
"1QLyDdhB9gmxbGv0K1kFyT","Rock You Like a Hurricane","Scorpions",61,"0CTCk1eshEadFqZ4NBfe9N","Stranger Things (Soundtrack from the Netflix Original Series)","2017-10-27","Classic Rock","5BygwTQ3OrbiwVsQhXFHMz","rock","classic rock",0.584,0.833,11,-5.824,1,0.0358,0.000265,0.00595,0.32,0.671,124.018,254347
"3dix9ONSeCaR05vk8K2kEQ","Breaking the Law","Judas Priest",27,"4OwBaU87F1fKR9xAQ5qdhQ","British Steel - 30th Anniversary","2010-05-10","Classic Rock","5BygwTQ3OrbiwVsQhXFHMz","rock","classic rock",0.362,0.959,2,-5.653,1,0.0882,0.0249,7.63e-06,0.0694,0.505,164.01,155520
"1bp2IO61zbQrbWNmKKxg3f","The Joker","Steve Miller Band",75,"5uYNj1HkZrWKAkhEYcGmJr","The Joker","1973-01-01","Classic Rock","5BygwTQ3OrbiwVsQhXFHMz","rock","classic rock",0.596,0.448,5,-9.616,1,0.0396,0.365,5.3e-06,0.206,0.796,83.293,264504
"3f0U5NaD1bCk8nmKpn2ZJY","Kodachrome","Paul Simon",61,"50pzpI17hwQj7LKcOiLMFD","There Goes Rhymin' Simon","1973-05-05","Classic Rock","5BygwTQ3OrbiwVsQhXFHMz","rock","classic rock",0.592,0.705,1,-10.276,0,0.0287,0.0291,1.97e-05,0.0456,0.902,135.754,215400
"1H4idkmruFoJBg1DvUv2tY","Band On The Run - Remastered 2010","Paul McCartney",71,"257oomaawruFknt5wYCPDh","Band On The Run (Standard)","1973-12-05","Classic Rock","5BygwTQ3OrbiwVsQhXFHMz","rock","classic rock",0.479,0.601,7,-8.806,1,0.0318,0.0832,0.00142,0.11,0.669,124.966,313027
"4gRA0i5sxx3jAhHaVjPnUN","Use Me","Bill Withers",63,"0sFuW4rH5mFZUjNKnckO3v","Still Bill","1972-05-01","Classic Rock","5BygwTQ3OrbiwVsQhXFHMz","rock","classic rock",0.759,0.586,11,-13.461,0,0.056,0.0333,0.00312,0.0743,0.948,154.624,228327
"5EOoMWIB9iK4ZpcSex9Ec7","Old Time Rock & Roll","Bob Seger",72,"1vhib5WLHRVdOpRjiTHk15","Stranger In Town","1978-05-05","Classic Rock","5BygwTQ3OrbiwVsQhXFHMz","rock","classic rock",0.714,0.937,6,-2.947,1,0.0399,0.206,0,0.0731,0.964,124.13,194147
"5PHGTeEdFxTEb4hepxug86","Turn! Turn! Turn! (To Everything There Is a Season)","The Byrds",42,"4lkNuTe5xkDTGS4a55R8mC","The Essential Byrds","1965","Classic Rock","5BygwTQ3OrbiwVsQhXFHMz","rock","classic rock",0.449,0.811,2,-8.17,1,0.0458,0.117,2.28e-05,0.0393,0.736,124.594,229533
"1xair0UVVvZdwvtPJb0X4B","Hard To Handle","The Black Crowes",2,"6hjr384HEL7Vqfp60Wuv7W","Shake Your Money Maker","1990","Classic Rock","5BygwTQ3OrbiwVsQhXFHMz","rock","classic rock",0.605,0.796,4,-3.618,1,0.0421,0.00286,0.000541,0.279,0.961,103.671,187720
"1A3OA6zON5HHueFm4ejrRF","Because the Night","Patti Smith",58,"00tuL4qPxBs3w8S1BaG3Zv","Outside Society","2011-08-23","Classic Rock","5BygwTQ3OrbiwVsQhXFHMz","rock","classic rock",0.442,0.793,11,-5.378,0,0.0354,0.0557,0,0.0934,0.547,123.67,202867
"6rB5eNXwpxDbVJJpWzaOlf","Corazón Enamorado","Juan Luis Guerra 4.40",49,"6Q8jh2ZFgTVWBeLlGCTJKV","Corazón Enamorado","2019-04-26","Latin Pop 2019","5wONX0lVyQE5XTxqjTUiUd","latin","latin pop",0.879,0.488,6,-4.758,1,0.0364,0.763,3.94e-06,0.141,0.888,125.04,189520
"62E8JJRtwOwU85uup9C5Ox","Parecen Viernes","Marc Anthony",9,"4hsmoagPCQS5oikGuuAPdN","Parecen Viernes","2019-04-19","Latin Pop 2019","5wONX0lVyQE5XTxqjTUiUd","latin","latin pop",0.658,0.863,7,-3.575,0,0.0352,0.287,1.53e-05,0.16,0.967,96.499,268440
"2HnKakdBYatbAEZVNr1Juc","Tú Lo Sabes","PeeWee",39,"66gFx3trNeOR60XxWy5CJz","Tú Lo Sabes","2019-04-11","Latin Pop 2019","5wONX0lVyQE5XTxqjTUiUd","latin","latin pop",0.775,0.826,8,-4.378,1,0.0933,0.0836,0,0.11,0.618,96.016,185640
"5IgIor9wnFdCgA1Pc0Xeu4","Perdido","Carlos Baute",37,"1I63l2ytIXHyGA3W0qJuqs","Perdido","2019-05-03","Latin Pop 2019","5wONX0lVyQE5XTxqjTUiUd","latin","latin pop",0.789,0.839,8,-5.129,1,0.0737,0.0878,0,0.0771,0.818,161.953,157886
"5ErnvqMFGlEl3AZdazIiLw","La China Medina","Rubén Blades",27,"0MIDyc6ZUQWpZcgx6Bu9Mg","La China Medina","2019-05-03","Latin Pop 2019","5wONX0lVyQE5XTxqjTUiUd","latin","latin pop",0.789,0.908,7,-7.213,1,0.0347,0.0354,2.41e-05,0.149,0.952,112.004,241355
"1R5nCcASgTubHzMx2Ic5UU","Faldita","Leslie Shaw",59,"7KTFqkLbakkZj2zHZWuplA","Faldita","2019-03-08","Latin Pop 2019","5wONX0lVyQE5XTxqjTUiUd","latin","latin pop",0.846,0.789,11,-3.245,0,0.0653,0.00828,5.42e-05,0.058,0.806,98,190193
"6Nmpt6fRu5Yvbfraoe13tx","El Ritmo de Mi Corazón","Gian Marco",57,"6acfGxamQJEeaasvYLzJUy","El Ritmo de Mi Corazón","2019-05-03","Latin Pop 2019","5wONX0lVyQE5XTxqjTUiUd","latin","latin pop",0.769,0.926,7,-4.193,1,0.0542,0.104,2.5e-06,0.324,0.955,104.987,262000
"1O34fFJyV7djSqRtOuRSVh","Si Me Das Tu Amor","Carlos Vives",61,"4HnkFvcWujnLxUcPQkPjRM","Si Me Das Tu Amor","2019-03-01","Latin Pop 2019","5wONX0lVyQE5XTxqjTUiUd","latin","latin pop",0.707,0.88,6,-4.268,0,0.0764,0.0613,0,0.0656,0.379,93.032,213187
"2qXwXciJwW4Qdg7KDesOCQ","Alguien Como Tú","Jósean Log",56,"7u4Q7oQOCM6tB5v806Ya84","El Futuro No Existe","2019-04-23","Latin Pop 2019","5wONX0lVyQE5XTxqjTUiUd","latin","latin pop",0.717,0.685,4,-10.224,0,0.105,0.427,0.000101,0.204,0.479,120.086,225747
"3NncP0ajz9lqYAZcQD7Bpo","Duele","Reik",8,"33nh5PW5ABzuy0JmKxREh8","Duele","2019-03-20","Latin Pop 2019","5wONX0lVyQE5XTxqjTUiUd","latin","latin pop",0.684,0.842,7,-4.54,0,0.201,0.0356,0,0.204,0.483,174.051,238360
"5OSrMt5y9dExB2J5vMdTVk","Un Traguito","Lérica",61,"1OfaHu7z6jOeVkoZsEVl0H","Un Traguito","2019-01-17","Latin Pop 2019","5wONX0lVyQE5XTxqjTUiUd","latin","latin pop",0.642,0.851,0,-3.448,1,0.103,0.143,0,0.776,0.653,96.996,184185
"6hgMxMYRqMXeM0REDayIIl","Te Quedaste Solo","Fanny Lu",45,"1xAfklkFiBCPPhIns5zzD1","Te Quedaste Solo","2019-05-17","Latin Pop 2019","5wONX0lVyQE5XTxqjTUiUd","latin","latin pop",0.876,0.738,2,-4.835,1,0.0941,0.2,0,0.12,0.741,96.006,195867
"1BVnAMf782HlV4HIPliHr8","I Love You More","Juan Luis Guerra 4.40",28,"2b2KdriL6AFuxU1PoOIBgy","I Love You More","2019-05-10","Latin Pop 2019","5wONX0lVyQE5XTxqjTUiUd","latin","latin pop",0.758,0.914,10,-2.699,1,0.084,0.737,0,0.0749,0.962,149.786,196200
"1VYdx50j4dHw3fca2EpNNx","Si Te Atreves - Canción Original De La Película ""Los Japón""","Juan Magán",50,"7KaeMY7vw3MU7qBIVuAM1K","Si Te Atreves (Canción Original De La Película ""Los Japón"")","2019-05-09","Latin Pop 2019","5wONX0lVyQE5XTxqjTUiUd","latin","latin pop",0.676,0.652,8,-4.364,1,0.11,0.285,0,0.107,0.867,179.761,164664
"0Q5uZEhL7k1MsYvZt0Ft2W","Ella Me Beso - Remix","Elvis Crespo",38,"30ABYWgdltvV36K9uldGNC","Ella Me Beso","2019-05-10","Latin Pop 2019","5wONX0lVyQE5XTxqjTUiUd","latin","latin pop",0.783,0.921,0,-3.254,1,0.202,0.214,0,0.0736,0.887,120.054,188075
"1fBsLZr8fLxXR3n0FpLUhC","Lo vimos venir (con Alex Ubago)","Molina Molina",20,"6GrwThAJbXZEptAC7enjqg","Lo vimos venir (con Alex Ubago)","2019-05-17","Latin Pop 2019","5wONX0lVyQE5XTxqjTUiUd","latin","latin pop",0.542,0.635,7,-8.366,1,0.0494,0.0204,1.34e-05,0.119,0.549,147.059,231642
"5GB82gaWr4d7U4AtJyfVi1","Medellín - Offer Nissim Madame X In The Sphinx","Madonna",43,"106SyrCt4mxTIyeXDF9Tgg","Medellín (Remixes)","2019-05-09","Latin Pop 2019","5wONX0lVyQE5XTxqjTUiUd","latin","latin pop",0.776,0.852,1,-5.904,1,0.0684,0.0478,0.0122,0.12,0.224,113.984,330526
"6I1JuzUGxTAD0kDY65fg1s","Tan Buena","Gente De Zona",64,"00AVS4xDGxD61LgiIkDaN7","OTRA COSA","2019-05-24","Latin Pop 2019","5wONX0lVyQE5XTxqjTUiUd","latin","latin pop",0.833,0.831,0,-3.799,1,0.0733,0.0436,0.000346,0.214,0.847,96.024,225107
"5AEe2QNDyG1u0bujk7LrgQ","Volver a Verte (feat. Cali y El Dandee)","Fonseca",65,"3IoPgNvM9CTiFg8FvJ0CIn","Agustín","2018-11-09","Latin Pop 2019","5wONX0lVyQE5XTxqjTUiUd","latin","latin pop",0.764,0.76,9,-2.961,1,0.0587,0.0276,0,0.0451,0.513,92.126,169800
"4jzPGm9YsNvFvpL5as5DVc","Tu Vida en la Mía","Marc Anthony",68,"0iSDto0c8PqIKtwrYS4lbh","OPUS","2019-05-10","Latin Pop 2019","5wONX0lVyQE5XTxqjTUiUd","latin","latin pop",0.643,0.874,2,-3.714,1,0.033,0.346,0.000299,0.36,0.877,93.494,374053
"29r7RLvr2Ae8kuSOUXTM1m","La Vida Es Una Sola","Nacho",50,"26w9pDxrtVy2xL5XRtdpOs","La Vida Es Una Sola","2019-08-09","Latin Pop 2019","5wONX0lVyQE5XTxqjTUiUd","latin","latin pop",0.852,0.84,0,-3.977,1,0.0848,0.101,0,0.0348,0.393,106.007,222693
"6dEfw0vBhzPzd7MjLwZvGd","Como Te Hago Entender","Karibe Orquesta",52,"6I7Bo8Mwf83fPhGaVBdCaO","Como Te Hago Entender","2018-08-12","Latin Pop 2019","5wONX0lVyQE5XTxqjTUiUd","latin","latin pop",0.693,0.813,5,-7.296,1,0.0576,0.0387,1.24e-06,0.124,0.657,177.998,254976
"059bcIhyc2SBwm6sw2AZzd","Te Vi","Piso 21",83,"02XOoh8XrlCc466QkkjGk5","Te Vi","2018-12-14","Latin Pop 2019","5wONX0lVyQE5XTxqjTUiUd","latin","latin pop",0.877,0.777,1,-4.246,1,0.117,0.0446,3.46e-05,0.0863,0.706,102.02,231848
"1kMUGCt7XLDc5Q64Vl0H8S","Bellacoso","Residente",77,"0un8ZRojNl6fYFRHYzQ9GG","Bellacoso","2019-07-26","Latin Pop 2019","5wONX0lVyQE5XTxqjTUiUd","latin","latin pop",0.774,0.851,11,-2.795,0,0.255,0.0651,0,0.0568,0.695,180.086,257865
"4bUrpXdPZIJMPUksA8ggDB","Hasta Viejitos (feat. Carlos Vives)","Alejandro Gonzalez",59,"7x4fQ2jEy7sJhOyqHGi4TP","Hasta Viejitos (feat. Carlos Vives)","2019-09-06","Latin Pop 2019","5wONX0lVyQE5XTxqjTUiUd","latin","latin pop",0.664,0.849,11,-5.996,1,0.0416,0.015,0,0.0559,0.723,81.94,199996
"6v3KW9xbzN5yKLt9YKDYA2","Señorita","Shawn Mendes",88,"0xzScN8P3hQAz3BT3YYX5w","Shawn Mendes (Deluxe)","2019-06-19","Latin Pop 2019","5wONX0lVyQE5XTxqjTUiUd","latin","latin pop",0.759,0.548,9,-6.049,0,0.029,0.0392,0,0.0828,0.749,116.967,190800
"5Uel5PmPBZICA0TQTI912U","Ay Mi Dios","IAmChino",59,"5mL2ReCP9gU2mPnC3SKERE","Ay Mi Dios","2016-02-22","Latin Pop 2019","5wONX0lVyQE5XTxqjTUiUd","latin","latin pop",0.761,0.829,0,-3.203,0,0.0681,0.167,0,0.189,0.813,92.033,252003
"3UW4SUehKFC6qmaTZ3OiTp","Borinquen Bella (feat. Zion & Lennox)","Farruko",63,"1PgFsarDcIwCvLX32DpcxB","Gangalee","2019-04-26","Latin Pop 2019","5wONX0lVyQE5XTxqjTUiUd","latin","latin pop",0.794,0.731,9,-3.831,0,0.0717,0.16,0,0.0871,0.449,91.023,224653
"3za3hxbolwmy9AeUpWzuRE","Consejo de Amor","TINI",71,"2RuYsBRCgFEantZkX83W2Y","Quiero Volver","2018-10-12","Latin Pop 2019","5wONX0lVyQE5XTxqjTUiUd","latin","latin pop",0.475,0.717,0,-6.712,1,0.102,0.194,0,0.101,0.646,83.873,199720
"1g2Z2lOrwayOzDqOc8EfbR","La Cartera","Farruko",76,"1PgFsarDcIwCvLX32DpcxB","Gangalee","2019-04-26","Latin Pop 2019","5wONX0lVyQE5XTxqjTUiUd","latin","latin pop",0.771,0.796,10,-4.106,0,0.0798,0.0385,9.35e-06,0.218,0.636,87.985,289907
"6IRgwlJMmQIxS9WXbQLAYX","Pega Pega","Tito ""El Bambino""",65,"4Sq1Buk4b0MVBh8aOvaGGz","Pega Pega","2019-05-31","Latin Pop 2019","5wONX0lVyQE5XTxqjTUiUd","latin","latin pop",0.8,0.845,11,-4.189,0,0.0574,0.124,1.13e-06,0.387,0.843,96.998,219600
"28XvT0F0E4sVamI6JRVnmU","100 Grados (feat. A.CHAL)","Lali",50,"5obU0I3k0EkmZl8L3a6dY1","Brava","2018-08-10","Latin Pop 2019","5wONX0lVyQE5XTxqjTUiUd","latin","latin pop",0.729,0.816,7,-4.551,1,0.129,0.0317,0.000495,0.231,0.288,100.052,204728
"6poj56vC9JUu1yHTsv92WA","Lo Que Tú y Yo Vivimos (feat. Gente de Zona) - Ao Vivo","Gusttavo Lima",64,"3C9ZJaOENH5Held20rJ0x8","O Embaixador in Cariri - Vol. 1 (Ao Vivo)","2019-10-04","Latin Pop 2019","5wONX0lVyQE5XTxqjTUiUd","latin","latin pop",0.673,0.915,0,-4.002,1,0.102,0.224,0,0.933,0.41,92.013,237508
"6X2R5GP9m4NycgGLZV2vH3","Compañera (Acústico)","Nahuel Pennisi",46,"6gbcDIQ3bS3O8FkDznfUya","Compañera (Acústico)","2019-10-18","Latin Pop 2019","5wONX0lVyQE5XTxqjTUiUd","latin","latin pop",0.568,0.201,6,-9.894,0,0.0312,0.883,8.26e-05,0.0821,0.392,77.905,198028
"1lrHvObazT0Z8Isoaiye7I","Escapémonos","Profetas",22,"7xLHtwRGmWCGt822inkBUE","Escapémonos","2019-10-18","Latin Pop 2019","5wONX0lVyQE5XTxqjTUiUd","latin","latin pop",0.77,0.418,5,-10.076,0,0.384,0.56,0.314,0.0676,0.681,185.919,186168
"7ffNh65adUgbdA7N1c4iN8","Sayonara","Izone",36,"7pPkC1MblBb0fzo46NZs3x","Sayonara","2019-10-18","Latin Pop 2019","5wONX0lVyQE5XTxqjTUiUd","latin","latin pop",0.793,0.846,7,-3.195,1,0.0313,0.311,0.000801,0.0578,0.949,130.034,221702
"2UyiDAqoc1R4gz4noiJ35z","Las Flores (feat. Los Auténticos Decadentes)","Benjamín Amadeo",58,"2Ly7wg5UWjJyyEgigWqvhO","Las Flores (feat. Los Auténticos Decadentes)","2019-10-03","Latin Pop 2019","5wONX0lVyQE5XTxqjTUiUd","latin","latin pop",0.75,0.763,7,-5.857,0,0.124,0.543,0,0.0904,0.763,100.053,213948
"2O4ilW9fzFuy11r6Zt5P72","Ganitas","Rombai",64,"6dxj3w7guZu03ZiMNt2bJk","Ganitas","2019-08-23","Latin Pop 2019","5wONX0lVyQE5XTxqjTUiUd","latin","latin pop",0.749,0.772,5,-5.13,1,0.0667,0.535,1.32e-06,0.0803,0.806,173.737,215375
"5m3jpKkgkfoMcym1qjToFg","Jangueo","Alex Rose",76,"0owN7Uk2MRirowjo9PQv14","LOST","2019-11-08","Latin Pop 2019","5wONX0lVyQE5XTxqjTUiUd","latin","latin pop",0.851,0.688,11,-4.038,1,0.0565,0.238,1.93e-05,0.105,0.732,103.982,259600
"2egI1hFZDAYrkCgtepoore","Cristina (feat. Shelow Shaq)","Maffio",77,"2ZTlbmxYIAhs8ckvgx0imI","Cristina (feat. Shelow Shaq)","2019-03-29","Latin Pop 2019","5wONX0lVyQE5XTxqjTUiUd","latin","latin pop",0.861,0.599,1,-4.205,1,0.246,0.183,0,0.0921,0.869,102.119,186893
"1mQwQm595whVQXCQ9wtzVS","El Festejo de la Vida","Afrodisiaco",25,"0tdYGe3Yq0tVBjaAM2Scco","El Festejo de la Vida","2019-11-22","Latin Pop 2019","5wONX0lVyQE5XTxqjTUiUd","latin","latin pop",0.727,0.925,9,-3.618,1,0.18,0.212,0,0.0936,0.736,147.078,250231
"1hvZ3uUcaCZrcZQXWUBRse","Free Free Free","Pitbull",47,"2zriqRg67gFAr1HhhgGjmx","Free Free Free","2018-07-06","Latin Pop 2019","5wONX0lVyQE5XTxqjTUiUd","latin","latin pop",0.71,0.951,4,-4.694,1,0.131,0.00157,0.0082,0.112,0.532,122.99,234146
"5o8lxcSYAj8uXTiIHoyyA9","Castles","Freya Ridings",67,"2r0ybH1gnkMCRq1ZnBrPXx","Castles","2019-05-30","Pop Hits 2020","5TDtuKDbOhrfW7C58XnriZ","r&b","hip pop",0.672,0.752,4,-4.866,1,0.0843,0.0046,0.00047,0.056,0.429,116.945,211838
"1Cv1YLb4q0RzL6pybtaMLo","Sunday Best","Surfaces",81,"3mMWlBGocBwsS1Q0o9wvlc","Where the Light Is","2019-01-06","Pop Hits 2020","5TDtuKDbOhrfW7C58XnriZ","r&b","hip pop",0.878,0.525,5,-6.832,1,0.0578,0.183,0,0.0714,0.694,112.022,158571
"7HMmFQsKsljwTw8bS7lu19","Rare","Selena Gomez",88,"3YPFaTR7WMi1Hd4NVKdCJx","Rare","2020-01-10","Pop Hits 2020","5TDtuKDbOhrfW7C58XnriZ","r&b","hip pop",0.838,0.545,5,-6.713,1,0.0706,0.208,8.01e-05,0.103,0.631,114.998,220590
"58ASzIQ5TBNQuAvCOZorjF","Hard Boy","Frawley",60,"4orFYFFPPT0XPqDSehtseF","Hard Boy","2019-05-03","Pop Hits 2020","5TDtuKDbOhrfW7C58XnriZ","r&b","hip pop",0.516,0.825,4,-3.209,1,0.147,0.188,0,0.165,0.424,180.006,192347
"4TnjEaWOeW0eKTKIEvJyCa","Falling","Trevor Daniel",97,"1Czfd5tEby3DbdYNdqzrCa","Falling","2018-10-05","Pop Hits 2020","5TDtuKDbOhrfW7C58XnriZ","r&b","hip pop",0.784,0.43,10,-8.756,0,0.0364,0.123,0,0.0887,0.236,127.087,159382
"0sf12qNH5qcw8qpgymFOqD","Blinding Lights","The Weeknd",98,"2ZfHkwHuoAZrlz7RMj0PDz","Blinding Lights","2019-11-29","Pop Hits 2020","5TDtuKDbOhrfW7C58XnriZ","r&b","hip pop",0.513,0.796,1,-4.075,1,0.0629,0.00147,0.000209,0.0938,0.345,171.017,201573
"4dZTZbmJBCCofAExHwefda","Lottery (Renegade)","K CAMP",79,"6Z8fenVdNwyQZ9iBFkNyKZ","Wayy 2 Kritical","2019-06-21","Pop Hits 2020","5TDtuKDbOhrfW7C58XnriZ","r&b","hip pop",0.915,0.556,1,-8.601,1,0.216,0.0145,0.000179,0.0733,0.67,148.964,170947
"2YJ7tTicU1vUmUjYNJROrv","BOYFREN","LoveLeo",75,"3PgIavzkrgnFmiIcurJ7EI","BOYFREN","2019-11-15","Pop Hits 2020","5TDtuKDbOhrfW7C58XnriZ","r&b","hip pop",0.842,0.368,1,-7.324,1,0.0668,0.251,0.0114,0.0912,0.713,79.96,136956
"41L3O37CECZt3N7ziG2z7l","Yummy","Justin Bieber",95,"1SN6N3fNkZk5oXQ9X46QZ3","Yummy","2020-01-03","Pop Hits 2020","5TDtuKDbOhrfW7C58XnriZ","r&b","hip pop",0.662,0.519,9,-6.554,0,0.106,0.404,0,0.121,0.495,145.841,210427
"5WEAZtjEufELtaxqYcqCJg","Years","Astrid S",69,"585s4f9yrPNsp0G7AkTFDF","Down Low","2019-09-26","Pop Hits 2020","5TDtuKDbOhrfW7C58XnriZ","r&b","hip pop",0.664,0.285,9,-7.907,1,0.0342,0.855,0,0.0952,0.256,124.148,190268
"7nDFTHHwfe32a8qdp9XqPy","False Confidence","Noah Kahan",74,"3DNQrMjvVGiueVrj1qquJd","Busyhead","2019-06-14","Pop Hits 2020","5TDtuKDbOhrfW7C58XnriZ","r&b","hip pop",0.414,0.663,6,-7.77,1,0.0456,0.163,0,0.138,0.33,108.98,223400
"6r2JV75tE0vNgNCv4HKsBC","scared","Jeremy Zucker",71,"16mjtcKPxpQ4ajFHmJ0hJC","brent","2019-05-03","Pop Hits 2020","5TDtuKDbOhrfW7C58XnriZ","r&b","hip pop",0.583,0.075,5,-15.843,1,0.0726,0.933,1.4e-06,0.111,0.347,108.418,207520
"3ZCTVFBt2Brf31RLEnCkWJ","everything i wanted","Billie Eilish",97,"4i3rAwPw7Ln2YrKDusaWyT","everything i wanted","2019-11-13","Pop Hits 2020","5TDtuKDbOhrfW7C58XnriZ","r&b","hip pop",0.704,0.225,6,-14.454,0,0.0994,0.902,0.657,0.106,0.243,120.006,245426
"6Ozh9Ok6h4Oi1wUSLtBseN","BOP","DaBaby",93,"1NsTSXjVNE7XmZ8PmyW0wl","KIRK","2019-09-27","Pop Hits 2020","5TDtuKDbOhrfW7C58XnriZ","r&b","hip pop",0.769,0.787,11,-3.909,1,0.367,0.189,0,0.129,0.836,126.77,159715
"6vaSStNN5NX4nJ4QbRY3S0","Colors","Black Pumas",58,"54SlWgNocRPhlZEFTYjOfW","Black Pumas","2019-06-21","Pop Hits 2020","5TDtuKDbOhrfW7C58XnriZ","r&b","hip pop",0.391,0.692,1,-6.543,0,0.0462,0.0946,1.58e-05,0.191,0.56,180.008,246587
"7hpJ9tATWb2vztlq99hERP","Maniac","Conan Gray",85,"4x1U4pmSekLejbWCRI0SES","Maniac","2019-10-25","Pop Hits 2020","5TDtuKDbOhrfW7C58XnriZ","r&b","hip pop",0.623,0.647,8,-5.438,1,0.04,0.00122,0,0.354,0.522,107.987,185787
"1bObrsJGW0UCIGZkvnDqbe","Stop This Flame","Celeste",66,"2dgxfbASZ7HDFEGFRNwbTr","Stop This Flame","2020-01-09","Pop Hits 2020","5TDtuKDbOhrfW7C58XnriZ","r&b","hip pop",0.752,0.702,10,-4.927,0,0.0378,0.296,0,0.103,0.324,119.987,209408
"4CxFN5zON70B3VOPBYbd6P","you were good to me","Jeremy Zucker",82,"16mjtcKPxpQ4ajFHmJ0hJC","brent","2019-05-03","Pop Hits 2020","5TDtuKDbOhrfW7C58XnriZ","r&b","hip pop",0.561,0.0848,2,-15.099,1,0.0404,0.913,2.62e-05,0.112,0.206,102.128,219147
"4Yxc55NX3tAXC2mHRAhtcW","All I Want - From ""High School Musical: The Musical: The Series""","Olivia Rodrigo",83,"5p3gSxNiXeYlPlztVAUjB2","All I Want (From ""High School Musical: The Musical: The Series"")","2019-11-27","Pop Hits 2020","5TDtuKDbOhrfW7C58XnriZ","r&b","hip pop",0.376,0.43,0,-6.585,0,0.0328,0.0902,0,0.0912,0.129,77.599,177323
"49Zxa1yQ9miyQSzuuKBYq9","Lady","Rema",57,"1LLXYglTLoygbDr70iZyyu","Bad Commando","2019-10-04","Pop Hits 2020","5TDtuKDbOhrfW7C58XnriZ","r&b","hip pop",0.889,0.798,0,-6.62,1,0.256,0.0245,0,0.0671,0.594,119.969,213375
"2usxQITOSDqvkYiI0oIwao","You should be sad","Halsey",86,"1gBDGPFz9v93dxE3fUU9eO","You should be sad","2020-01-10","Pop Hits 2020","5TDtuKDbOhrfW7C58XnriZ","r&b","hip pop",0.591,0.585,2,-6.35,1,0.0277,0.143,0,0.109,0.324,110.94,205473
"6G0FACzGN80Dj2v4ass5rq","gone girl","iann dior",76,"6ZhOC5xr3JOdr7hmQTSqyR","gone girl","2019-07-04","Pop Hits 2020","5TDtuKDbOhrfW7C58XnriZ","r&b","hip pop",0.677,0.714,11,-5.637,1,0.0287,0.162,0,0.0717,0.355,94.956,136568
"26ZX2JrAb8AFbr8FFfAsO7","sex","EDEN",76,"7AVvQhnDEUidKyJsXmQ7ju","i think you think too much of me","2016-08-19","Pop Hits 2020","5TDtuKDbOhrfW7C58XnriZ","r&b","hip pop",0.413,0.521,9,-4.469,1,0.0466,0.162,0,0.323,0.532,103.391,218808
"79s5XnCN4TJKTVMSmOx8Ep","Dior","Pop Smoke",76,"6d1vGZsr6Uy3h9IigBpPAf","Meet The Woo","2019-07-26","Pop Hits 2020","5TDtuKDbOhrfW7C58XnriZ","r&b","hip pop",0.548,0.805,7,-5.732,1,0.351,0.212,0.000389,0.408,0.648,142.094,216387
"23TPP1eeElFfvYVznskwCY","Glitter","BENEE",79,"6pTMhQX8gt1xegiIwo3Ekb","FIRE ON MARZZ","2019-06-28","Pop Hits 2020","5TDtuKDbOhrfW7C58XnriZ","r&b","hip pop",0.801,0.589,7,-5.157,1,0.0485,0.0863,0,0.162,0.58,116.934,180147
"6pooRNiLyYpxZeIA5kJ5EX","Good Things Fall Apart (with Jon Bellion)","ILLENIUM",74,"4IYvXJnU8zPRzPPTu4dJUl","Good Things Fall Apart (with Jon Bellion)","2019-05-13","Pop Hits 2020","5TDtuKDbOhrfW7C58XnriZ","r&b","hip pop",0.643,0.594,2,-5.453,1,0.0318,0.0128,0,0.118,0.442,144.033,216668
"3eq83AsxUcnYS9k57MoBbE","Further Up (Na, Na, Na, Na, Na)","Static & Ben El",68,"2dwrxI0d1Z1HqgQoBCkxHL","Further Up (Na, Na, Na, Na, Na)","2020-01-10","Pop Hits 2020","5TDtuKDbOhrfW7C58XnriZ","r&b","hip pop",0.8,0.876,6,-0.882,1,0.113,0.0148,0,0.218,0.912,100.025,151873
"260V7huyJrXnyYe0dFv2Fa","Canopée","Polo & Pan",66,"0SuFqlCe5i30Fr75ZlPQVT","Caravelle","2017-05-19","Pop Hits 2020","5TDtuKDbOhrfW7C58XnriZ","r&b","hip pop",0.704,0.692,5,-6.558,0,0.0304,0.0942,0.0109,0.0922,0.369,96.005,276293
"11OwAR3GlBj9E35Cznf7Lj","Vulnerable","Selena Gomez",80,"3YPFaTR7WMi1Hd4NVKdCJx","Rare","2020-01-10","Pop Hits 2020","5TDtuKDbOhrfW7C58XnriZ","r&b","hip pop",0.695,0.573,10,-8.882,1,0.167,0.132,0.000137,0.156,0.38,100.031,192172
"50p8v7PAXUBoD5MzoZdr9s","she's all yours","Loote",54,"0hc021mB0QDSF4uCTr3Ki7","lost","2019-06-14","Pop Hits 2020","5TDtuKDbOhrfW7C58XnriZ","r&b","hip pop",0.573,0.662,6,-5.657,1,0.0461,0.0561,0,0.148,0.361,157.791,161947
"7ce20yLkzuXXLUhzIDoZih","Before You Go","Lewis Capaldi",90,"0488X5veBK6t3vSmIiTDJY","Before You Go","2019-11-19","Pop Hits 2020","5TDtuKDbOhrfW7C58XnriZ","r&b","hip pop",0.459,0.575,3,-4.858,1,0.0573,0.604,0,0.0885,0.183,111.881,215107
"5fgHQws1Cj6KDLQmlqM6lF","Problems","DeathbyRomy",71,"5qrMJHElz2d5ig6NDIY6cv","Problems","2019-10-04","Pop Hits 2020","5TDtuKDbOhrfW7C58XnriZ","r&b","hip pop",0.761,0.554,0,-4.583,1,0.0432,0.226,0.000232,0.181,0.381,145.015,188505
"65mPCrY32YMQlBnmWVrKNa","shut up","Greyson Chance",68,"51EYIcwEHs2WpaiZrrjWtT","portraits","2019-03-15","Pop Hits 2020","5TDtuKDbOhrfW7C58XnriZ","r&b","hip pop",0.821,0.448,9,-4.33,1,0.0468,0.296,3.26e-06,0.0683,0.45,105.006,170364
"0LDFH1WLQ6NPEMH556LUGs","Shutter Island","Jessie Reyez",63,"2q7EwuXduuQGDJrPYPVFyw","Kiddo","2017-04-21","Pop Hits 2020","5TDtuKDbOhrfW7C58XnriZ","r&b","hip pop",0.544,0.459,1,-7.684,0,0.245,0.245,0,0.0627,0.418,172.12,187240
"3iH29NcCxYgI5shlkZrUoB","gone girl","iann dior",73,"5UuzudgFxwLkxC1LFajC5e","Industry Plant","2019-11-08","Pop Hits 2020","5TDtuKDbOhrfW7C58XnriZ","r&b","hip pop",0.677,0.714,11,-5.637,1,0.0287,0.162,0,0.0717,0.355,94.956,136568
"3mQ6SLdxxaL52Yte7KF2Ks","Morado","J Balvin",82,"7ynTaSXD9esXkgY0GG8UFd","Morado","2020-01-09","Pop Hits 2020","5TDtuKDbOhrfW7C58XnriZ","r&b","hip pop",0.881,0.696,11,-3.838,0,0.0797,0.137,4.13e-05,0.0927,0.781,97.002,200667
"6qL5UWxRSQYml9O99ozoLv","Love Songs - Bonus","Kaash Paige",80,"5CEfb4A8SgiCOY6R7c7s34","Parked Car Convos","2019-11-15","Pop Hits 2020","5TDtuKDbOhrfW7C58XnriZ","r&b","hip pop",0.641,0.355,5,-10.599,1,0.0906,0.831,0.000855,0.11,0.453,120.032,148640
"7CHi4DtfK4heMlQaudCuHK","Lose Control","MEDUZA",91,"1qSOaTvsCOyFJya3v1UzkP","Lose Control","2019-10-11","Pop Hits 2020","5TDtuKDbOhrfW7C58XnriZ","r&b","hip pop",0.598,0.526,10,-8.659,0,0.0415,0.129,0,0.14,0.529,123.935,168387
"5rWjy4ys7LdinaFKZQBlZh","Be Your Man","Rhys Lewis",66,"052JsWmQlm2x415X7glETB","Be Your Man","2019-10-25","Pop Hits 2020","5TDtuKDbOhrfW7C58XnriZ","r&b","hip pop",0.517,0.525,9,-7.494,0,0.0492,0.217,0,0.107,0.478,170.049,240867
"0zhGp6rH3Em8VTS44hTOmT","One Too Many","FLETCHER",68,"4SLis38mNXPVm9ZRx9pjvl","One Too Many","2019-11-15","Pop Hits 2020","5TDtuKDbOhrfW7C58XnriZ","r&b","hip pop",0.641,0.582,2,-6.66,0,0.138,0.205,0,0.163,0.406,102.098,182918
"0g21KZ1XJuhwexWPLpuEt1","You & Jennifer","bülow",71,"1gZ3Wi966cliRIktXiaWij","Damaged Vol. 2","2018-06-08","Pop Hits 2020","5TDtuKDbOhrfW7C58XnriZ","r&b","hip pop",0.752,0.698,11,-6.53,1,0.306,0.52,0,0.211,0.347,132.058,159453
"59BztobCBPX9vKncmSjgkb","Heroine","Niko Walters",40,"7LoTnrh6xxWFJDjNMtumvT","Heroine","2019-09-26","Pop Hits 2020","5TDtuKDbOhrfW7C58XnriZ","r&b","hip pop",0.698,0.296,2,-9.015,1,0.107,0.836,0.00437,0.108,0.497,91.021,221539
"2IbzYGcve6P1QV94UFxtik","Easy Tiger","Billy Raffoul",59,"21rJkp3ysXGOSL7320EFTL","Easy Tiger","2019-06-07","Pop Hits 2020","5TDtuKDbOhrfW7C58XnriZ","r&b","hip pop",0.593,0.451,1,-9.166,1,0.0367,0.836,0,0.0813,0.589,78.009,196067
"1NxHgM5nOnmqi3KUVLbaIw","Leaving My Love Behind","Lewis Capaldi",70,"2wiPF3m0ylst0JSk1IvZL8","Divinely Uninspired To A Hellish Extent (Extended Edition)","2019-11-22","Pop Hits 2020","5TDtuKDbOhrfW7C58XnriZ","r&b","hip pop",0.409,0.446,2,-4.836,1,0.0317,0.65,0,0.0862,0.135,75.638,210213
"5ls62WNKHUUrdF3r1cv83T","emotions","iann dior",80,"5UHC2JN3ck4XPYPjngia2G","nothings ever good enough","2019-05-22","Pop Hits 2020","5TDtuKDbOhrfW7C58XnriZ","r&b","hip pop",0.63,0.63,9,-6.211,1,0.0395,0.0131,0,0.142,0.163,80.512,131213
"68rVGSTnCiFOET9k5Vd8Se","parents","YUNGBLUD",75,"0kGTcfwQC5nlsubgxUXdwP","the underrated youth","2019-10-18","Pop Hits 2020","5TDtuKDbOhrfW7C58XnriZ","r&b","hip pop",0.618,0.823,7,-4.76,1,0.0447,0.0132,0,0.288,0.58,82.004,171880
"4km1hd3ZGIP4V0cYYkB47S","One More Hour","Anthony Ramos",43,"19HUwMGdjDSb7AnO2UXFIM","The Good & The Bad","2019-10-25","Pop Hits 2020","5TDtuKDbOhrfW7C58XnriZ","r&b","hip pop",0.663,0.302,0,-9.154,0,0.4,0.395,2.72e-06,0.12,0.626,176.107,204387
"1hCTxutVVYvggAQcUUUZAT","Put A Little Love On Me","Niall Horan",80,"7dUgmUMDNnQAejhNLeIQWz","Put A Little Love On Me","2019-12-06","Pop Hits 2020","5TDtuKDbOhrfW7C58XnriZ","r&b","hip pop",0.584,0.465,10,-4.88,1,0.0262,0.678,0,0.106,0.299,95.969,224586
"2xnNgKhyMl9MxBmRNGnBJP","right here","keshi",67,"6f8zlDw5RgFhyuc9wPu4BG","right here","2019-09-24","Pop Hits 2020","5TDtuKDbOhrfW7C58XnriZ","r&b","hip pop",0.619,0.445,5,-10.332,1,0.0503,0.378,0,0.151,0.35,160.125,194907
"56BAJvpaWgvr6C4wmc37iU","Imaginaste - Remix","Jhay Cortez",78,"5C7oL5coBzncKolg2JmNUi","Imaginaste (Remix)","2019-11-01","Pop Hits 2020","5TDtuKDbOhrfW7C58XnriZ","r&b","hip pop",0.854,0.712,1,-5.325,1,0.0945,0.0436,0,0.338,0.601,89.975,246653
"28KccB3Iw5Gg8MjKewEQFW","The Jester","Badflower",61,"08VFvUyNPi6G0tc1d4DPU4","OK, I'M SICK","2019-02-22","Pop Hits 2020","5TDtuKDbOhrfW7C58XnriZ","r&b","hip pop",0.51,0.827,2,-6.013,1,0.0419,0.00708,7.27e-05,0.191,0.338,92.92,245933
"179sbwZCSbDOzfIj32sjJW","Falling","LYRA",47,"2te2hJemLXzLBGnu29fPYh","Falling","2019-02-08","Pop Hits 2020","5TDtuKDbOhrfW7C58XnriZ","r&b","hip pop",0.66,0.641,0,-7.145,0,0.112,0.23,3.8e-06,0.0884,0.491,84.928,201230
"6w8pFOKn42O418qwcQElZ3","Waves","Dean Lewis",74,"61G7KL6rpj167r6H4CzS8C","A Place We Knew","2019-03-22","Pop Hits 2020","5TDtuKDbOhrfW7C58XnriZ","r&b","hip pop",0.518,0.729,11,-7.193,0,0.0452,0.183,0,0.0643,0.343,156.879,240013
"5Ck2pBM8zZNIjIxeiEiVvy","Strange - Edit","Celeste",62,"30vifvgruBQrs9w7fA1feh","Strange (Edit)","2019-09-04","Pop Hits 2020","5TDtuKDbOhrfW7C58XnriZ","r&b","hip pop",0.36,0.0823,2,-9.893,1,0.038,0.93,9.62e-06,0.121,0.134,136.402,198374
"2WXyBlJYptmmNUcWn2qYV9","Good For You","Jack Vallier",51,"3No7OQimFOoY0koAyPnqfH","Rebekah - EP","2017-11-17","Pop Hits 2020","5TDtuKDbOhrfW7C58XnriZ","r&b","hip pop",0.501,0.666,6,-6.486,1,0.326,0.48,0,0.13,0.426,135.438,248003
"4lTLA56cAilcRXpZWCWyS2","Feel Up","Pia Mia",63,"5LACQrcCig2eYAbJFB8cTS","Feel Up","2019-09-06","Pop Hits 2020","5TDtuKDbOhrfW7C58XnriZ","r&b","hip pop",0.815,0.485,8,-5.188,1,0.0545,0.0326,0,0.156,0.381,98.076,159184
"1o2E5CwlBWuVElc41EqOSU","Is It Just Me?","Emily Burns",63,"18SfYsQ4uFVYaMVctPDAvX","My Town","2019-11-20","Pop Hits 2020","5TDtuKDbOhrfW7C58XnriZ","r&b","hip pop",0.716,0.316,1,-6.902,0,0.0505,0.746,0,0.104,0.243,73.037,203731
"1iiehnBysGi59zXYXIuKQD","I Hope You’re Happy Now","Carly Pearce",74,"5zMUrHGRi7LpqRW1mxM2wu","I Hope You’re Happy Now","2019-09-27","Pop Hits 2020","5TDtuKDbOhrfW7C58XnriZ","r&b","hip pop",0.591,0.815,10,-4.725,1,0.0366,0.168,8.68e-06,0.142,0.306,118.024,198689
"4D9QMZ3n8OupOPdxU0MMBS","Make A Move","EMMA WAHLIN",45,"2wyItp4YIkkGJa3NqL0hoh","Make A Move","2019-02-06","Pop Hits 2020","5TDtuKDbOhrfW7C58XnriZ","r&b","hip pop",0.822,0.591,9,-6.615,0,0.0515,0.0133,0.147,0.114,0.384,124.015,189147
"5ln5yQdUywVbf8HhFsOcd6","Walls Could Talk","Halsey",74,"7GjG91tyHQNGEHzKJaqOi0","hopeless fountain kingdom (Deluxe)","2017-06-02","Pop Hits 2020","5TDtuKDbOhrfW7C58XnriZ","r&b","hip pop",0.626,0.423,1,-6.035,1,0.0513,0.128,0,0.18,0.571,95.162,101790
"7nv4M6OoCpXUPDuuRyUPM9","Lately","Celeste",56,"7MnZ0niFxkTVJkEX9pakbM","Compilation 1.1","2019-12-06","Pop Hits 2020","5TDtuKDbOhrfW7C58XnriZ","r&b","hip pop",0.672,0.279,7,-9.237,0,0.0421,0.402,0.000125,0.0946,0.478,133.625,251886
